# scripts/detector-soundness rows — see meta.tsv; columns:
# id	lane	features	expected_status	gc_runs(per GOMAXPROCS)	gc_verdict	machine_members	machine_race_members	machine_verdict	machine_single_run	cell	detail
bools/short-circuit-funclit/e6-recv-len-in-sc	strict	bools,closures,channels,interfaces,type_assertions,slices,indexing,len,panic,evaluation_order	panic	p1:race=0,clean=0,exit=5,abnormal=0,timeout=0;p8:race=0,clean=0,exit=5,abnormal=0,timeout=0;	DRF-in-N	1	0	DRF	panic	agree-DRF	-
bools/short-circuit-funclit/e6-recv-len-outside	strict	closures,channels,interfaces,type_assertions,slices,indexing,len,panic,evaluation_order	panic	p1:race=0,clean=0,exit=5,abnormal=0,timeout=0;p8:race=0,clean=0,exit=5,abnormal=0,timeout=0;	DRF-in-N	1	0	DRF	panic	agree-DRF	-
builtins/len-vs-call-order/chan	strict	channels,len,evaluation_order,calls	ok	p1:race=0,clean=5,exit=0,abnormal=0,timeout=0;p8:race=0,clean=5,exit=0,abnormal=0,timeout=0;	DRF-in-N	1	0	DRF	ok	agree-DRF	-
builtins/len-vs-call-order/recv-bearing	strict	channels,len,evaluation_order,calls	ok	p1:race=0,clean=5,exit=0,abnormal=0,timeout=0;p8:race=0,clean=5,exit=0,abnormal=0,timeout=0;	DRF-in-N	1	0	DRF	ok	agree-DRF	-
builtins/len-vs-call-order/short-circuit	strict	channels,len,evaluation_order,calls,bools	ok	p1:race=0,clean=5,exit=0,abnormal=0,timeout=0;p8:race=0,clean=5,exit=0,abnormal=0,timeout=0;	DRF-in-N	1	0	DRF	ok	agree-DRF	-
builtins/len-vs-call-order/short-circuit-skipped	strict	channels,len,evaluation_order,calls,bools	ok	p1:race=0,clean=5,exit=0,abnormal=0,timeout=0;p8:race=0,clean=5,exit=0,abnormal=0,timeout=0;	DRF-in-N	1	0	DRF	ok	agree-DRF	-
builtins/make-channel-len-cap	strict	builtins,make,channels,len,cap	ok	p1:race=0,clean=5,exit=0,abnormal=0,timeout=0;p8:race=0,clean=5,exit=0,abnormal=0,timeout=0;	DRF-in-N	1	0	DRF	ok	agree-DRF	-
channels/buffered-basic	strict	channels,make,len,cap	ok	p1:race=0,clean=5,exit=0,abnormal=0,timeout=0;p8:race=0,clean=5,exit=0,abnormal=0,timeout=0;	DRF-in-N	1	0	DRF	ok	agree-DRF	-
channels/close-closed-panic	strict	channels,close,panic	panic	p1:race=0,clean=0,exit=5,abnormal=0,timeout=0;p8:race=0,clean=0,exit=5,abnormal=0,timeout=0;	DRF-in-N	1	0	DRF	panic	agree-DRF	-
channels/closed-receive	strict	channels,close,comma_ok,zero_values	ok	p1:race=0,clean=5,exit=0,abnormal=0,timeout=0;p8:race=0,clean=5,exit=0,abnormal=0,timeout=0;	DRF-in-N	1	0	DRF	ok	agree-DRF	-
channels/close-edge/drain-zero-after-close	strict	channels,close,comma_ok,zero_values,len,cap	ok	p1:race=0,clean=5,exit=0,abnormal=0,timeout=0;p8:race=0,clean=5,exit=0,abnormal=0,timeout=0;	DRF-in-N	1	0	DRF	ok	agree-DRF	-
channels/close-edge/recover-negative-make	strict	channels,make,panic,recover,defer	ok	p1:race=0,clean=5,exit=0,abnormal=0,timeout=0;p8:race=0,clean=5,exit=0,abnormal=0,timeout=0;	DRF-in-N	1	0	DRF	ok	agree-DRF	-
channels/close-edge/recover-send-closed	strict	channels,close,panic,recover,defer	ok	p1:race=0,clean=5,exit=0,abnormal=0,timeout=0;p8:race=0,clean=5,exit=0,abnormal=0,timeout=0;	DRF-in-N	1	0	DRF	ok	agree-DRF	-
channels/close-edge/recover-close-closed	strict	channels,close,panic,recover,defer	ok	p1:race=0,clean=5,exit=0,abnormal=0,timeout=0;p8:race=0,clean=5,exit=0,abnormal=0,timeout=0;	DRF-in-N	1	0	DRF	ok	agree-DRF	-
channels/close-edge/recover-close-nil	strict	channels,close,nil,panic,recover,defer	ok	p1:race=0,clean=5,exit=0,abnormal=0,timeout=0;p8:race=0,clean=5,exit=0,abnormal=0,timeout=0;	DRF-in-N	1	0	DRF	ok	agree-DRF	-
channels/close-edge/defer-close	strict	channels,close,defer,comma_ok	ok	p1:race=0,clean=5,exit=0,abnormal=0,timeout=0;p8:race=0,clean=5,exit=0,abnormal=0,timeout=0;	DRF-in-N	1	0	DRF	ok	agree-DRF	-
channels/close-nil-panic	strict	channels,close,nil,panic	panic	p1:race=0,clean=0,exit=5,abnormal=0,timeout=0;p8:race=0,clean=0,exit=5,abnormal=0,timeout=0;	DRF-in-N	1	0	DRF	panic	agree-DRF	-
channels/close-send-only	strict	channels,close,typed,calls	ok	p1:race=0,clean=5,exit=0,abnormal=0,timeout=0;p8:race=0,clean=5,exit=0,abnormal=0,timeout=0;	DRF-in-N	1	0	DRF	ok	agree-DRF	-
channels/comparison/identity	strict	channels,comparisons,identity,nil	ok	p1:race=0,clean=5,exit=0,abnormal=0,timeout=0;p8:race=0,clean=5,exit=0,abnormal=0,timeout=0;	DRF-in-N	1	0	DRF	ok	agree-DRF	-
channels/comparison/directional-equal	strict	channels,comparisons,conversions,typed	ok	p1:race=0,clean=5,exit=0,abnormal=0,timeout=0;p8:race=0,clean=5,exit=0,abnormal=0,timeout=0;	DRF-in-N	1	0	DRF	ok	agree-DRF	-
channels/comparison/chan-of-chan	strict	channels,comparisons,identity,nested	ok	p1:race=0,clean=5,exit=0,abnormal=0,timeout=0;p8:race=0,clean=5,exit=0,abnormal=0,timeout=0;	DRF-in-N	1	0	DRF	ok	agree-DRF	-
channels/comparison/map-key-alias	strict	channels,maps,keys,identity	ok	p1:race=0,clean=5,exit=0,abnormal=0,timeout=0;p8:race=0,clean=5,exit=0,abnormal=0,timeout=0;	DRF-in-N	1	0	DRF	ok	agree-DRF	-
channels/deadlock/send-nil	strict	channels,nil,deadlock	deadlock	p1:race=0,clean=0,exit=0,abnormal=0,timeout=5;p8:race=0,clean=0,exit=0,abnormal=0,timeout=5;	NO-VERDICT	-	-	ENUM-FAIL:deadlock member under pick assignment [] — deadlocking members have no membership handling (fail loud, per the design)	deadlock	uncertified	gc: no completed run (all timed out or died before an outcome)
channels/deadlock/recv-nil	strict	channels,nil,deadlock	deadlock	p1:race=0,clean=0,exit=0,abnormal=0,timeout=5;p8:race=0,clean=0,exit=0,abnormal=0,timeout=5;	NO-VERDICT	-	-	ENUM-FAIL:deadlock member under pick assignment [] — deadlocking members have no membership handling (fail loud, per the design)	deadlock	uncertified	gc: no completed run (all timed out or died before an outcome)
channels/deadlock/select-empty	strict	channels,select,deadlock	deadlock	p1:race=0,clean=0,exit=0,abnormal=0,timeout=5;p8:race=0,clean=0,exit=0,abnormal=0,timeout=5;	NO-VERDICT	-	-	ENUM-FAIL:deadlock member under pick assignment [] — deadlocking members have no membership handling (fail loud, per the design)	deadlock	uncertified	gc: no completed run (all timed out or died before an outcome)
channels/deadlock/select-all-nil	strict	channels,select,nil,deadlock	deadlock	p1:race=0,clean=0,exit=0,abnormal=0,timeout=5;p8:race=0,clean=0,exit=0,abnormal=0,timeout=5;	NO-VERDICT	-	-	ENUM-FAIL:deadlock member under pick assignment [] — deadlocking members have no membership handling (fail loud, per the design)	deadlock	uncertified	gc: no completed run (all timed out or died before an outcome)
channels/deadlock/send-unbuffered	strict	channels,make,deadlock	deadlock	p1:race=0,clean=0,exit=0,abnormal=0,timeout=5;p8:race=0,clean=0,exit=0,abnormal=0,timeout=5;	NO-VERDICT	-	-	ENUM-FAIL:deadlock member under pick assignment [] — deadlocking members have no membership handling (fail loud, per the design)	deadlock	uncertified	gc: no completed run (all timed out or died before an outcome)
channels/deadlock/recv-empty-open	strict	channels,make,deadlock	deadlock	p1:race=0,clean=0,exit=0,abnormal=0,timeout=5;p8:race=0,clean=0,exit=0,abnormal=0,timeout=5;	NO-VERDICT	-	-	ENUM-FAIL:deadlock member under pick assignment [] — deadlocking members have no membership handling (fail loud, per the design)	deadlock	uncertified	gc: no completed run (all timed out or died before an outcome)
channels/deadlock/send-full	strict	channels,make,deadlock	deadlock	p1:race=0,clean=0,exit=0,abnormal=0,timeout=5;p8:race=0,clean=0,exit=0,abnormal=0,timeout=5;	NO-VERDICT	-	-	ENUM-FAIL:deadlock member under pick assignment [] — deadlocking members have no membership handling (fail loud, per the design)	deadlock	uncertified	gc: no completed run (all timed out or died before an outcome)
channels/deadlock/range-open-drained	strict	channels,range,deadlock	deadlock	p1:race=0,clean=0,exit=0,abnormal=0,timeout=5;p8:race=0,clean=0,exit=0,abnormal=0,timeout=5;	NO-VERDICT	-	-	ENUM-FAIL:deadlock member under pick assignment [] — deadlocking members have no membership handling (fail loud, per the design)	deadlock	uncertified	gc: no completed run (all timed out or died before an outcome)
channels/defer-close-two/first	strict	channels,close,defer	ok	p1:race=0,clean=5,exit=0,abnormal=0,timeout=0;p8:race=0,clean=5,exit=0,abnormal=0,timeout=0;	DRF-in-N	1	0	DRF	ok	agree-DRF	-
channels/defer-close-two/second	strict	channels,close,defer,strings	ok	p1:race=0,clean=5,exit=0,abnormal=0,timeout=0;p8:race=0,clean=5,exit=0,abnormal=0,timeout=0;	DRF-in-N	1	0	DRF	ok	agree-DRF	-
channels/defer-close-two/unrelated	strict	channels,close,defer	ok	p1:race=0,clean=5,exit=0,abnormal=0,timeout=0;p8:race=0,clean=5,exit=0,abnormal=0,timeout=0;	DRF-in-N	1	0	DRF	ok	agree-DRF	-
channels/directional-types	strict	channels,typed,assignment,calls	ok	p1:race=0,clean=5,exit=0,abnormal=0,timeout=0;p8:race=0,clean=5,exit=0,abnormal=0,timeout=0;	DRF-in-N	1	0	DRF	ok	agree-DRF	-
channels/make-directional	strict	channels,make,typed,len,cap	ok	p1:race=0,clean=5,exit=0,abnormal=0,timeout=0;p8:race=0,clean=5,exit=0,abnormal=0,timeout=0;	DRF-in-N	1	0	DRF	ok	agree-DRF	-
channels/make-edge/zero-buffer	strict	channels,make,len,cap,zero_values	ok	p1:race=0,clean=5,exit=0,abnormal=0,timeout=0;p8:race=0,clean=5,exit=0,abnormal=0,timeout=0;	DRF-in-N	1	0	DRF	ok	agree-DRF	-
channels/make-edge/len-expression	strict	channels,make,len,cap,evaluation_order	ok	p1:race=0,clean=5,exit=0,abnormal=0,timeout=0;p8:race=0,clean=5,exit=0,abnormal=0,timeout=0;	DRF-in-N	1	0	DRF	ok	agree-DRF	-
channels/make-edge/negative-buffer-panic	strict	channels,make,panic	panic	p1:race=0,clean=0,exit=5,abnormal=0,timeout=0;p8:race=0,clean=0,exit=5,abnormal=0,timeout=0;	DRF-in-N	1	0	DRF	panic	agree-DRF	-
channels/make-edge/len-cap-directional	strict	channels,len,cap,typed	ok	p1:race=0,clean=5,exit=0,abnormal=0,timeout=0;p8:race=0,clean=5,exit=0,abnormal=0,timeout=0;	DRF-in-N	1	0	DRF	ok	agree-DRF	-
channels/make-edge/close-does-not-drain	strict	channels,close,len,comma_ok	ok	p1:race=0,clean=5,exit=0,abnormal=0,timeout=0;p8:race=0,clean=5,exit=0,abnormal=0,timeout=0;	DRF-in-N	1	0	DRF	ok	agree-DRF	-
channels/make-edge/buffered-fifo	strict	channels,make	ok	p1:race=0,clean=5,exit=0,abnormal=0,timeout=0;p8:race=0,clean=5,exit=0,abnormal=0,timeout=0;	DRF-in-N	1	0	DRF	ok	agree-DRF	-
channels/make-edge/receive-comma-ok-open	strict	channels,comma_ok,len	ok	p1:race=0,clean=5,exit=0,abnormal=0,timeout=0;p8:race=0,clean=5,exit=0,abnormal=0,timeout=0;	DRF-in-N	1	0	DRF	ok	agree-DRF	-
channels/make-edge/ordinary-send-eval-order	strict	channels,evaluation_order	ok	p1:race=0,clean=5,exit=0,abnormal=0,timeout=0;p8:race=0,clean=5,exit=0,abnormal=0,timeout=0;	DRF-in-N	1	0	DRF	ok	agree-DRF	-
channels/make-edge/ordinary-receive-eval-order	strict	channels,evaluation_order	ok	p1:race=0,clean=5,exit=0,abnormal=0,timeout=0;p8:race=0,clean=5,exit=0,abnormal=0,timeout=0;	DRF-in-N	1	0	DRF	ok	agree-DRF	-
channels/make-edge/close-eval-order	strict	channels,close,evaluation_order	ok	p1:race=0,clean=5,exit=0,abnormal=0,timeout=0;p8:race=0,clean=5,exit=0,abnormal=0,timeout=0;	DRF-in-N	1	0	DRF	ok	agree-DRF	-
channels/nil-values	strict	channels,nil,len,cap	ok	p1:race=0,clean=5,exit=0,abnormal=0,timeout=0;p8:race=0,clean=5,exit=0,abnormal=0,timeout=0;	DRF-in-N	1	0	DRF	ok	agree-DRF	-
channels/range-closed	strict	channels,range,close,loops	ok	p1:race=0,clean=5,exit=0,abnormal=0,timeout=0;p8:race=0,clean=5,exit=0,abnormal=0,timeout=0;	DRF-in-N	1	0	DRF	ok	agree-DRF	-
channels/range-edge/break	strict	channels,range,break,close,len	ok	p1:race=0,clean=5,exit=0,abnormal=0,timeout=0;p8:race=0,clean=5,exit=0,abnormal=0,timeout=0;	DRF-in-N	1	0	DRF	ok	agree-DRF	-
channels/range-edge/no-var	strict	channels,range,close,len	ok	p1:race=0,clean=5,exit=0,abnormal=0,timeout=0;p8:race=0,clean=5,exit=0,abnormal=0,timeout=0;	DRF-in-N	1	0	DRF	ok	agree-DRF	-
channels/recv-edge/nil-deref-target-recovered	strict	channels,pointers,panic,recover,evaluation_order	ok	p1:race=0,clean=5,exit=0,abnormal=0,timeout=0;p8:race=0,clean=5,exit=0,abnormal=0,timeout=0;	DRF-in-N	1	0	DRF	ok	agree-DRF	-
channels/recv-edge/nil-deref-target-drains	strict	channels,pointers,panic,recover,len,evaluation_order	ok	p1:race=0,clean=5,exit=0,abnormal=0,timeout=0;p8:race=0,clean=5,exit=0,abnormal=0,timeout=0;	DRF-in-N	1	0	DRF	ok	agree-DRF	-
channels/recv-edge/oob-target-drains	strict	channels,slices,indexing,panic,recover,len,evaluation_order	ok	p1:race=0,clean=5,exit=0,abnormal=0,timeout=0;p8:race=0,clean=5,exit=0,abnormal=0,timeout=0;	DRF-in-N	1	0	DRF	ok	agree-DRF	-
channels/recv-edge/bad-target-blocks	strict	channels,pointers,deadlock,evaluation_order	deadlock	p1:race=0,clean=0,exit=0,abnormal=0,timeout=5;p8:race=0,clean=0,exit=0,abnormal=0,timeout=5;	NO-VERDICT	-	-	ENUM-FAIL:deadlock member under pick assignment [] — deadlocking members have no membership handling (fail loud, per the design)	deadlock	uncertified	gc: no completed run (all timed out or died before an outcome)
channels/recv-edge/second-target-panic-stores-first	strict	channels,pointers,multi_assign,panic,recover,evaluation_order	ok	p1:race=0,clean=5,exit=0,abnormal=0,timeout=0;p8:race=0,clean=5,exit=0,abnormal=0,timeout=0;	DRF-in-N	1	0	DRF	ok	agree-DRF	-
channels/recv-edge/dep-index-target	strict	channels,slices,indexing,multi_assign,evaluation_order	ok	p1:race=0,clean=5,exit=0,abnormal=0,timeout=0;p8:race=0,clean=5,exit=0,abnormal=0,timeout=0;	DRF-in-N	1	0	DRF	ok	agree-DRF	-
channels/recv-edge/nil-index-base-second	strict	channels,pointers,slices,indexing,multi_assign,panic,recover,evaluation_order	ok	p1:race=0,clean=5,exit=0,abnormal=0,timeout=0;p8:race=0,clean=5,exit=0,abnormal=0,timeout=0;	DRF-in-N	1	0	DRF	ok	agree-DRF	-
channels/recv-edge/field-second-target-stores-first	strict	channels,pointers,structs,multi_assign,panic,recover,evaluation_order	ok	p1:race=0,clean=5,exit=0,abnormal=0,timeout=0;p8:race=0,clean=5,exit=0,abnormal=0,timeout=0;	DRF-in-N	1	0	DRF	ok	agree-DRF	-
channels/recv-edge/oob-second-target-stores-first	strict	channels,slices,indexing,multi_assign,panic,recover,evaluation_order	ok	p1:race=0,clean=5,exit=0,abnormal=0,timeout=0;p8:race=0,clean=5,exit=0,abnormal=0,timeout=0;	DRF-in-N	1	0	DRF	ok	agree-DRF	-
channels/recv-edge/chain-field-over-index	strict	channels,slices,structs,indexing,multi_assign,panic,recover,evaluation_order	ok	p1:race=0,clean=5,exit=0,abnormal=0,timeout=0;p8:race=0,clean=5,exit=0,abnormal=0,timeout=0;	DRF-in-N	1	0	DRF	ok	agree-DRF	-
channels/recv-map-elem	strict	channels,maps,len,evaluation_order	ok	p1:race=0,clean=5,exit=0,abnormal=0,timeout=0;p8:race=0,clean=5,exit=0,abnormal=0,timeout=0;	DRF-in-N	1	0	DRF	ok	agree-DRF	-
channels/recv-map-elem/key-panic-drains	strict	channels,maps,indexing,panic,recover,evaluation_order	ok	p1:race=0,clean=5,exit=0,abnormal=0,timeout=0;p8:race=0,clean=5,exit=0,abnormal=0,timeout=0;	DRF-in-N	1	0	DRF	ok	agree-DRF	-
channels/recv-map-elem/first-store-lands	strict	channels,maps,pointers,multi_assign,panic,recover,evaluation_order	ok	p1:race=0,clean=5,exit=0,abnormal=0,timeout=0;p8:race=0,clean=5,exit=0,abnormal=0,timeout=0;	DRF-in-N	1	0	DRF	ok	agree-DRF	-
channels/recv-order/call-arg	strict	channels,calls,len,evaluation_order	ok	p1:race=0,clean=5,exit=0,abnormal=0,timeout=0;p8:race=0,clean=5,exit=0,abnormal=0,timeout=0;	DRF-in-N	1	0	DRF	ok	agree-DRF	-
channels/recv-order/return-list	strict	channels,returns,multi_result,len,evaluation_order	ok	p1:race=0,clean=5,exit=0,abnormal=0,timeout=0;p8:race=0,clean=5,exit=0,abnormal=0,timeout=0;	DRF-in-N	1	0	DRF	ok	agree-DRF	-
channels/recv-order/composite-lit	strict	channels,literals,slices,len,evaluation_order	ok	p1:race=0,clean=5,exit=0,abnormal=0,timeout=0;p8:race=0,clean=5,exit=0,abnormal=0,timeout=0;	DRF-in-N	1	0	DRF	ok	agree-DRF	-
channels/recv-order/multi-assign	strict	channels,multi_assign,len,evaluation_order	ok	p1:race=0,clean=5,exit=0,abnormal=0,timeout=0;p8:race=0,clean=5,exit=0,abnormal=0,timeout=0;	DRF-in-N	1	0	DRF	ok	agree-DRF	-
channels/recv-order/binary	strict	channels,len,evaluation_order	ok	p1:race=0,clean=5,exit=0,abnormal=0,timeout=0;p8:race=0,clean=5,exit=0,abnormal=0,timeout=0;	DRF-in-N	1	0	DRF	ok	agree-DRF	-
channels/recv-order/for-init	strict	channels,loops,len,evaluation_order	ok	p1:race=0,clean=5,exit=0,abnormal=0,timeout=0;p8:race=0,clean=5,exit=0,abnormal=0,timeout=0;	DRF-in-N	1	0	DRF	ok	agree-DRF	-
channels/recv-order/for-cond	strict	channels,loops,len,evaluation_order	ok	p1:race=0,clean=5,exit=0,abnormal=0,timeout=0;p8:race=0,clean=5,exit=0,abnormal=0,timeout=0;	DRF-in-N	1	0	DRF	ok	agree-DRF	-
channels/recv-order/else-if	strict	channels,if,len,evaluation_order	ok	p1:race=0,clean=5,exit=0,abnormal=0,timeout=0;p8:race=0,clean=5,exit=0,abnormal=0,timeout=0;	DRF-in-N	1	0	DRF	ok	agree-DRF	-
channels/recv-order/switch-case	strict	channels,switch,len,evaluation_order	ok	p1:race=0,clean=5,exit=0,abnormal=0,timeout=0;p8:race=0,clean=5,exit=0,abnormal=0,timeout=0;	DRF-in-N	1	0	DRF	ok	agree-DRF	-
channels/recv-order/dead-recv-len-operand	strict	channels,interfaces,slices,indexing,len,panic,evaluation_order	panic	p1:race=0,clean=0,exit=5,abnormal=0,timeout=0;p8:race=0,clean=0,exit=5,abnormal=0,timeout=0;	DRF-in-N	1	0	DRF	panic	agree-DRF	-
channels/recv-order/dead-recv-len-embedded	strict	channels,interfaces,structs,embedding,len,panic,evaluation_order	panic	p1:race=0,clean=0,exit=5,abnormal=0,timeout=0;p8:race=0,clean=0,exit=5,abnormal=0,timeout=0;	DRF-in-N	1	0	DRF	panic	agree-DRF	-
channels/recv-short-circuit/and-rhs	strict	channels,bools,evaluation_order	ok	p1:race=0,clean=5,exit=0,abnormal=0,timeout=0;p8:race=0,clean=5,exit=0,abnormal=0,timeout=0;	DRF-in-N	-	-	ENUM-FAIL:machine step failed under pick assignment [] — cannot certify the observation set: unsupported: frontend-quarantined: 	unsupported	uncertified	-
channels/recv-short-circuit/or-rhs	strict	channels,bools,evaluation_order	ok	p1:race=0,clean=5,exit=0,abnormal=0,timeout=0;p8:race=0,clean=5,exit=0,abnormal=0,timeout=0;	DRF-in-N	-	-	ENUM-FAIL:machine step failed under pick assignment [] — cannot certify the observation set: unsupported: frontend-quarantined: 	unsupported	uncertified	-
channels/recv-short-circuit/and-rhs-skipped	strict	channels,bools,evaluation_order,len	ok	p1:race=0,clean=5,exit=0,abnormal=0,timeout=0;p8:race=0,clean=5,exit=0,abnormal=0,timeout=0;	DRF-in-N	-	-	ENUM-FAIL:machine step failed under pick assignment [] — cannot certify the observation set: unsupported: frontend-quarantined: 	unsupported	uncertified	-
channels/recv-short-circuit/and-lhs	strict	channels,bools,evaluation_order	ok	p1:race=0,clean=5,exit=0,abnormal=0,timeout=0;p8:race=0,clean=5,exit=0,abnormal=0,timeout=0;	DRF-in-N	1	0	DRF	ok	agree-DRF	-
channels/recv-short-circuit/funclit-rhs	strict	channels,bools,closures,evaluation_order	ok	p1:race=0,clean=5,exit=0,abnormal=0,timeout=0;p8:race=0,clean=5,exit=0,abnormal=0,timeout=0;	DRF-in-N	1	0	DRF	ok	agree-DRF	-
channels/recv-stmt	strict	channels,len	ok	p1:race=0,clean=5,exit=0,abnormal=0,timeout=0;p8:race=0,clean=5,exit=0,abnormal=0,timeout=0;	DRF-in-N	1	0	DRF	ok	agree-DRF	-
channels/select-deterministic/default-only	strict	channels,select,default	ok	p1:race=0,clean=5,exit=0,abnormal=0,timeout=0;p8:race=0,clean=5,exit=0,abnormal=0,timeout=0;	DRF-in-N	1	0	DRF	ok	agree-DRF	-
channels/select-deterministic/closed-buffered-receive	strict	channels,select,close,comma_ok,len	ok	p1:race=0,clean=5,exit=0,abnormal=0,timeout=0;p8:race=0,clean=5,exit=0,abnormal=0,timeout=0;	DRF-in-N	1	0	DRF	ok	agree-DRF	-
channels/select-deterministic/closed-drained-receive	strict	channels,select,close,comma_ok,zero_values	ok	p1:race=0,clean=5,exit=0,abnormal=0,timeout=0;p8:race=0,clean=5,exit=0,abnormal=0,timeout=0;	DRF-in-N	1	0	DRF	ok	agree-DRF	-
channels/select-deterministic/closed-receive-declare	strict	channels,select,close,comma_ok,scoping	ok	p1:race=0,clean=5,exit=0,abnormal=0,timeout=0;p8:race=0,clean=5,exit=0,abnormal=0,timeout=0;	DRF-in-N	1	0	DRF	ok	agree-DRF	-
channels/select-deterministic/nil-and-ready-receive	strict	channels,select,nil,default	ok	p1:race=0,clean=5,exit=0,abnormal=0,timeout=0;p8:race=0,clean=5,exit=0,abnormal=0,timeout=0;	DRF-in-N	1	0	DRF	ok	agree-DRF	-
channels/select-deterministic/nil-and-ready-send	strict	channels,select,nil,default	ok	p1:race=0,clean=5,exit=0,abnormal=0,timeout=0;p8:race=0,clean=5,exit=0,abnormal=0,timeout=0;	DRF-in-N	1	0	DRF	ok	agree-DRF	-
channels/select-deterministic/send-closed-panic	strict	channels,select,close,panic	panic	p1:race=0,clean=0,exit=5,abnormal=0,timeout=0;p8:race=0,clean=0,exit=5,abnormal=0,timeout=0;	DRF-in-N	1	0	DRF	panic	agree-DRF	-
channels/select-deterministic/send-rhs-eval-unselected	strict	channels,select,evaluation_order,nil	ok	p1:race=0,clean=5,exit=0,abnormal=0,timeout=0;p8:race=0,clean=5,exit=0,abnormal=0,timeout=0;	DRF-in-N	1	0	DRF	ok	agree-DRF	-
channels/select-deterministic/channel-operands-eval-order	strict	channels,select,evaluation_order,nil	ok	p1:race=0,clean=5,exit=0,abnormal=0,timeout=0;p8:race=0,clean=5,exit=0,abnormal=0,timeout=0;	DRF-in-N	1	0	DRF	ok	agree-DRF	-
channels/select-deterministic/unselected-receive-lhs-not-eval	strict	channels,select,evaluation_order,assignment	ok	p1:race=0,clean=5,exit=0,abnormal=0,timeout=0;p8:race=0,clean=5,exit=0,abnormal=0,timeout=0;	DRF-in-N	1	0	DRF	ok	agree-DRF	-
channels/select-deterministic/selected-receive-lhs-eval	strict	channels,select,evaluation_order,assignment	ok	p1:race=0,clean=5,exit=0,abnormal=0,timeout=0;p8:race=0,clean=5,exit=0,abnormal=0,timeout=0;	DRF-in-N	1	0	DRF	ok	agree-DRF	-
channels/select-deterministic/send-rhs-panic-before-default	strict	channels,select,evaluation_order,panic	panic	p1:race=0,clean=0,exit=5,abnormal=0,timeout=0;p8:race=0,clean=0,exit=5,abnormal=0,timeout=0;	DRF-in-N	1	0	DRF	panic	agree-DRF	-
channels/select-deterministic/recv-chan-panic-before-default	strict	channels,select,evaluation_order,panic	panic	p1:race=0,clean=0,exit=5,abnormal=0,timeout=0;p8:race=0,clean=0,exit=5,abnormal=0,timeout=0;	DRF-in-N	1	0	DRF	panic	agree-DRF	-
channels/select-empty-receive-default	strict	channels,select,default,make,len	ok	p1:race=0,clean=5,exit=0,abnormal=0,timeout=0;p8:race=0,clean=5,exit=0,abnormal=0,timeout=0;	DRF-in-N	1	0	DRF	ok	agree-DRF	-
channels/select-entry-snapshot/send-value-snapshot	strict	channels,select,evaluation_order,nil	ok	p1:race=0,clean=5,exit=0,abnormal=0,timeout=0;p8:race=0,clean=5,exit=0,abnormal=0,timeout=0;	DRF-in-N	1	0	DRF	ok	agree-DRF	-
channels/select-entry-snapshot/chan-operand-snapshot	strict	channels,select,evaluation_order,close,nil	ok	p1:race=0,clean=5,exit=0,abnormal=0,timeout=0;p8:race=0,clean=5,exit=0,abnormal=0,timeout=0;	DRF-in-N	1	0	DRF	ok	agree-DRF	-
channels/select-full-send-default	strict	channels,select,default,make,len	ok	p1:race=0,clean=5,exit=0,abnormal=0,timeout=0;p8:race=0,clean=5,exit=0,abnormal=0,timeout=0;	DRF-in-N	1	0	DRF	ok	agree-DRF	-
channels/select-multi-ready	strict	channels,select,make,len	ok	p1:race=0,clean=5,exit=0,abnormal=0,timeout=0;p8:race=0,clean=5,exit=0,abnormal=0,timeout=0;	DRF-in-N	1	0	DRF	ok	agree-DRF	-
channels/select-multi-ready/observable	membership	channels,select,make,len,nondet	ok	p1:race=0,clean=5,exit=0,abnormal=0,timeout=0;p8:race=0,clean=5,exit=0,abnormal=0,timeout=0;	DRF-in-N	2	0	DRF	ok	agree-DRF	-
channels/select-nil-default	strict	channels,select,nil,default	ok	p1:race=0,clean=5,exit=0,abnormal=0,timeout=0;p8:race=0,clean=5,exit=0,abnormal=0,timeout=0;	DRF-in-N	1	0	DRF	ok	agree-DRF	-
channels/select-ready-receive	strict	channels,select,default,make,len	ok	p1:race=0,clean=5,exit=0,abnormal=0,timeout=0;p8:race=0,clean=5,exit=0,abnormal=0,timeout=0;	DRF-in-N	1	0	DRF	ok	agree-DRF	-
channels/select-ready-send	strict	channels,select,default,make,len	ok	p1:race=0,clean=5,exit=0,abnormal=0,timeout=0;p8:race=0,clean=5,exit=0,abnormal=0,timeout=0;	DRF-in-N	1	0	DRF	ok	agree-DRF	-
channels/select-recv-edge/dep-index-target	strict	channels,select,slices,indexing,multi_assign,evaluation_order	ok	p1:race=0,clean=5,exit=0,abnormal=0,timeout=0;p8:race=0,clean=5,exit=0,abnormal=0,timeout=0;	DRF-in-N	1	0	DRF	ok	agree-DRF	-
channels/select-recv-edge/nil-index-base-second	strict	channels,select,pointers,slices,indexing,multi_assign,panic,recover,evaluation_order	ok	p1:race=0,clean=5,exit=0,abnormal=0,timeout=0;p8:race=0,clean=5,exit=0,abnormal=0,timeout=0;	DRF-in-N	1	0	DRF	ok	agree-DRF	-
channels/select-recv-edge/field-second-target-stores-first	strict	channels,select,pointers,structs,multi_assign,panic,recover,evaluation_order	ok	p1:race=0,clean=5,exit=0,abnormal=0,timeout=0;p8:race=0,clean=5,exit=0,abnormal=0,timeout=0;	DRF-in-N	1	0	DRF	ok	agree-DRF	-
channels/select-recv-edge/chain-field-over-index	strict	channels,select,slices,structs,indexing,multi_assign,panic,recover,evaluation_order	ok	p1:race=0,clean=5,exit=0,abnormal=0,timeout=0;p8:race=0,clean=5,exit=0,abnormal=0,timeout=0;	DRF-in-N	1	0	DRF	ok	agree-DRF	-
channels/select-recv-edge/fallback-call-index	strict	channels,select,calls,slices,indexing,multi_assign,evaluation_order	ok	p1:race=0,clean=5,exit=0,abnormal=0,timeout=0;p8:race=0,clean=5,exit=0,abnormal=0,timeout=0;	DRF-in-N	1	0	DRF	ok	agree-DRF	-
channels/select-select/core	strict	channels,select,goroutines	ok	p1:race=0,clean=5,exit=0,abnormal=0,timeout=0;p8:race=0,clean=5,exit=0,abnormal=0,timeout=0;	DRF-in-N	-	-	ENUM-FAIL:alias-guard probe [2] failed: the probed member's run errored — unsupported: select-with-select rendezvous (unmodeled 	unsupported	uncertified	-
channels/select-select/beside-loop	strict	channels,select,goroutines	ok	p1:race=0,clean=5,exit=0,abnormal=0,timeout=0;p8:race=0,clean=5,exit=0,abnormal=0,timeout=0;	DRF-in-N	-	-	ENUM-FAIL:run consumes more than --max-sites 32 choice site(s) — raise the case's sites bound (never truncated silently)	ok	uncertified	-
channels/send-closed-panic	strict	channels,close,panic	panic	p1:race=0,clean=0,exit=5,abnormal=0,timeout=0;p8:race=0,clean=0,exit=5,abnormal=0,timeout=0;	DRF-in-N	1	0	DRF	panic	agree-DRF	-
control-flow/break-label-select	strict	control_flow,break,labels,select,channels,default	ok	p1:race=0,clean=5,exit=0,abnormal=0,timeout=0;p8:race=0,clean=5,exit=0,abnormal=0,timeout=0;	DRF-in-N	1	0	DRF	ok	agree-DRF	-
control-flow/goto-out-of-select	strict	control_flow,goto,labels,select,channels,default	ok	p1:race=0,clean=5,exit=0,abnormal=0,timeout=0;p8:race=0,clean=5,exit=0,abnormal=0,timeout=0;	DRF-in-N	1	0	DRF	ok	agree-DRF	-
generics/chan-type-arg/first	strict	generics,channels,slices	ok	p1:race=0,clean=5,exit=0,abnormal=0,timeout=0;p8:race=0,clean=5,exit=0,abnormal=0,timeout=0;	DRF-in-N	-	-	ENUM-FAIL:machine step failed under pick assignment [] — cannot certify the observation set: unsupported: frontend-quarantined: 	unsupported	uncertified	-
generics/quarantined-instantiation	strict	generics,unused,channels	ok	p1:race=0,clean=5,exit=0,abnormal=0,timeout=0;p8:race=0,clean=5,exit=0,abnormal=0,timeout=0;	DRF-in-N	1	0	DRF	ok	agree-DRF	-
generics/quarantined-instantiation-interface	strict	generics,interfaces,unused,channels	ok	p1:race=0,clean=5,exit=0,abnormal=0,timeout=0;p8:race=0,clean=5,exit=0,abnormal=0,timeout=0;	DRF-in-N	1	0	DRF	ok	agree-DRF	-
generics/type-parameter-channel-ops	strict	generics,type_sets,channels,make,len,cap	ok	p1:race=0,clean=5,exit=0,abnormal=0,timeout=0;p8:race=0,clean=5,exit=0,abnormal=0,timeout=0;	DRF-in-N	1	0	DRF	ok	agree-DRF	-
goroutines/buffered-wake/fifo	confluent	goroutines,channels,make,loops	ok	p1:race=0,clean=5,exit=0,abnormal=0,timeout=0;p8:race=0,clean=5,exit=0,abnormal=0,timeout=0;	DRF-in-N	1	0	DRF	ok	agree-DRF	-
goroutines/buffered-wake/cap-one	confluent	goroutines,channels,range,close	ok	p1:race=0,clean=5,exit=0,abnormal=0,timeout=0;p8:race=0,clean=5,exit=0,abnormal=0,timeout=0;	DRF-in-N	1	0	DRF	ok	agree-DRF	-
goroutines/buffered-wake/len-after-join	confluent	goroutines,channels,len,cap,make	ok	p1:race=0,clean=5,exit=0,abnormal=0,timeout=0;p8:race=0,clean=5,exit=0,abnormal=0,timeout=0;	DRF-in-N	1	0	DRF	ok	agree-DRF	-
goroutines/close-wake/receiver	confluent	goroutines,channels,close,comma_ok	ok	p1:race=0,clean=5,exit=0,abnormal=0,timeout=0;p8:race=0,clean=5,exit=0,abnormal=0,timeout=0;	DRF-in-N	1	0	DRF	ok	agree-DRF	-
goroutines/close-wake/receiver-drain-first	confluent	goroutines,channels,close,comma_ok	ok	p1:race=0,clean=5,exit=0,abnormal=0,timeout=0;p8:race=0,clean=5,exit=0,abnormal=0,timeout=0;	DRF-in-N	1	0	DRF	ok	agree-DRF	-
goroutines/close-wake/sender-panics	racy	goroutines,channels,close,recover,race	race	p1:race=5,clean=0,exit=0,abnormal=0,timeout=0;p8:race=5,clean=0,exit=0,abnormal=0,timeout=0;	RACE	1	1	RACE-ALL	race	agree-race	-
goroutines/close-wake/sender-full-buffer	racy	goroutines,channels,close,recover,race	race	p1:race=5,clean=0,exit=0,abnormal=0,timeout=0;p8:race=5,clean=0,exit=0,abnormal=0,timeout=0;	RACE	1	1	RACE-ALL	race	agree-race	-
goroutines/close-wake/close-after-send-drains	confluent	goroutines,channels,close,comma_ok	ok	p1:race=0,clean=5,exit=0,abnormal=0,timeout=0;p8:race=0,clean=5,exit=0,abnormal=0,timeout=0;	DRF-in-N	1	0	DRF	ok	agree-DRF	-
goroutines/close-wake/send-closed-recovered	confluent	goroutines,channels,close,recover	ok	p1:race=0,clean=5,exit=0,abnormal=0,timeout=0;p8:race=0,clean=5,exit=0,abnormal=0,timeout=0;	DRF-in-N	1	0	DRF	ok	agree-DRF	-
goroutines/deadlock/mutual	strict	goroutines,channels,deadlock	deadlock	p1:race=0,clean=0,exit=0,abnormal=0,timeout=5;p8:race=0,clean=0,exit=0,abnormal=0,timeout=5;	NO-VERDICT	-	-	ENUM-FAIL:alias-guard probe [2] failed: the probed member's run errored — deadlock: all goroutines are asleep - deadlock!. Under	deadlock	uncertified	gc: no completed run (all timed out or died before an outcome)
goroutines/deadlock/chain	strict	goroutines,channels,deadlock	deadlock	p1:race=0,clean=0,exit=0,abnormal=0,timeout=5;p8:race=0,clean=0,exit=0,abnormal=0,timeout=5;	NO-VERDICT	-	-	ENUM-FAIL:alias-guard probe [2] failed: the probed member's run errored — deadlock: all goroutines are asleep - deadlock!. Under	deadlock	uncertified	gc: no completed run (all timed out or died before an outcome)
goroutines/deadlock/after-progress	strict	goroutines,channels,deadlock	deadlock	p1:race=0,clean=0,exit=0,abnormal=0,timeout=5;p8:race=0,clean=0,exit=0,abnormal=0,timeout=5;	NO-VERDICT	-	-	ENUM-FAIL:alias-guard probe [2] failed: the probed member's run errored — deadlock: all goroutines are asleep - deadlock!. Under	deadlock	uncertified	gc: no completed run (all timed out or died before an outcome)
goroutines/deadlock/with-select	strict	goroutines,channels,select,deadlock	deadlock	p1:race=0,clean=0,exit=0,abnormal=0,timeout=5;p8:race=0,clean=0,exit=0,abnormal=0,timeout=5;	NO-VERDICT	-	-	ENUM-FAIL:alias-guard probe [2] failed: the probed member's run errored — deadlock: all goroutines are asleep - deadlock!. Under	deadlock	uncertified	gc: no completed run (all timed out or died before an outcome)
goroutines/fork-join/unbuffered	confluent	goroutines,channels,make	ok	p1:race=0,clean=5,exit=0,abnormal=0,timeout=0;p8:race=0,clean=5,exit=0,abnormal=0,timeout=0;	DRF-in-N	1	0	DRF	ok	agree-DRF	-
goroutines/fork-join/buffered	confluent	goroutines,channels,make	ok	p1:race=0,clean=5,exit=0,abnormal=0,timeout=0;p8:race=0,clean=5,exit=0,abnormal=0,timeout=0;	DRF-in-N	1	0	DRF	ok	agree-DRF	-
goroutines/fork-join/compute	confluent	goroutines,channels,loops	ok	p1:race=0,clean=5,exit=0,abnormal=0,timeout=0;p8:race=0,clean=5,exit=0,abnormal=0,timeout=0;	DRF-in-N	1	0	DRF	ok	agree-DRF	-
goroutines/fork-join/two-workers-own-chans	confluent	goroutines,channels	ok	p1:race=0,clean=5,exit=0,abnormal=0,timeout=0;p8:race=0,clean=5,exit=0,abnormal=0,timeout=0;	DRF-in-N	1	0	DRF	ok	agree-DRF	-
goroutines/fork-join/args-eval-now	confluent	goroutines,channels,evaluation_order	ok	p1:race=0,clean=5,exit=0,abnormal=0,timeout=0;p8:race=0,clean=5,exit=0,abnormal=0,timeout=0;	DRF-in-N	1	0	DRF	ok	agree-DRF	-
goroutines/fork-join/closure-capture	confluent	goroutines,channels,closures	ok	p1:race=0,clean=5,exit=0,abnormal=0,timeout=0;p8:race=0,clean=5,exit=0,abnormal=0,timeout=0;	DRF-in-N	1	0	DRF	ok	agree-DRF	-
goroutines/fork-join/method-callee	confluent	goroutines,channels,methods	ok	p1:race=0,clean=5,exit=0,abnormal=0,timeout=0;p8:race=0,clean=5,exit=0,abnormal=0,timeout=0;	DRF-in-N	1	0	DRF	ok	agree-DRF	-
goroutines/fork-join/result-discarded	confluent	goroutines,channels,returns	ok	p1:race=0,clean=5,exit=0,abnormal=0,timeout=0;p8:race=0,clean=5,exit=0,abnormal=0,timeout=0;	DRF-in-N	1	0	DRF	ok	agree-DRF	-
goroutines/go-builtin/close	strict	goroutines,channels,close,comma_ok	ok	p1:race=0,clean=5,exit=0,abnormal=0,timeout=0;p8:race=0,clean=5,exit=0,abnormal=0,timeout=0;	DRF-in-N	-	-	ENUM-FAIL:machine step failed under pick assignment [] — cannot certify the observation set: unsupported: frontend-quarantined: 	unsupported	uncertified	-
goroutines/go-builtin/delete	strict	goroutines,maps,delete	ok	p1:race=0,clean=5,exit=0,abnormal=0,timeout=0;p8:race=0,clean=5,exit=0,abnormal=0,timeout=0;	DRF-in-N	-	-	ENUM-FAIL:machine step failed under pick assignment [] — cannot certify the observation set: unsupported: frontend-quarantined: 	unsupported	uncertified	-
goroutines/go-builtin/copy	strict	goroutines,slices,copy	ok	p1:race=0,clean=5,exit=0,abnormal=0,timeout=0;p8:race=0,clean=5,exit=0,abnormal=0,timeout=0;	DRF-in-N	-	-	ENUM-FAIL:machine step failed under pick assignment [] — cannot certify the observation set: unsupported: frontend-quarantined: 	unsupported	uncertified	-
goroutines/go-builtin/recover	strict	goroutines,recover	ok	p1:race=0,clean=5,exit=0,abnormal=0,timeout=0;p8:race=0,clean=5,exit=0,abnormal=0,timeout=0;	DRF-in-N	-	-	ENUM-FAIL:machine step failed under pick assignment [] — cannot certify the observation set: unsupported: frontend-quarantined: 	unsupported	uncertified	-
goroutines/go-builtin/panic	strict	goroutines,panic	panic	p1:race=0,clean=0,exit=5,abnormal=0,timeout=0;p8:race=0,clean=0,exit=5,abnormal=0,timeout=0;	DRF-in-N	-	-	ENUM-FAIL:machine step failed under pick assignment [] — cannot certify the observation set: unsupported: frontend-quarantined: 	unsupported	uncertified	-
goroutines/goexit-marker/child	strict	goroutines,goexit,channels	ok	p1:race=0,clean=5,exit=0,abnormal=0,timeout=0;p8:race=0,clean=5,exit=0,abnormal=0,timeout=0;	DRF-in-N	-	-	ENUM-FAIL:machine step failed under pick assignment [] — cannot certify the observation set: unsupported: frontend-quarantined: 	unsupported	uncertified	-
goroutines/main-exit/blocked-goroutine	confluent	goroutines,channels	ok	p1:race=0,clean=5,exit=0,abnormal=0,timeout=0;p8:race=0,clean=5,exit=0,abnormal=0,timeout=0;	DRF-in-N	1	0	DRF	ok	agree-DRF	-
goroutines/main-exit/two-leaked	confluent	goroutines,channels	ok	p1:race=0,clean=5,exit=0,abnormal=0,timeout=0;p8:race=0,clean=5,exit=0,abnormal=0,timeout=0;	DRF-in-N	1	0	DRF	ok	agree-DRF	-
goroutines/ping-pong/alternate	confluent	goroutines,channels,loops	ok	p1:race=0,clean=5,exit=0,abnormal=0,timeout=0;p8:race=0,clean=5,exit=0,abnormal=0,timeout=0;	DRF-in-N	1	0	DRF	ok	agree-DRF	-
goroutines/ping-pong/cap-zero	confluent	goroutines,channels,make	ok	p1:race=0,clean=5,exit=0,abnormal=0,timeout=0;p8:race=0,clean=5,exit=0,abnormal=0,timeout=0;	DRF-in-N	1	0	DRF	ok	agree-DRF	-
goroutines/pipeline/two-stage	strict	goroutines,channels,range,close	ok	p1:race=0,clean=5,exit=0,abnormal=0,timeout=0;p8:race=0,clean=5,exit=0,abnormal=0,timeout=0;	DRF-in-N	-	-	ENUM-FAIL:run consumes more than --max-sites 32 choice site(s) — raise the case's sites bound (never truncated silently)	ok	uncertified	-
goroutines/pipeline/buffered-stage	strict	goroutines,channels,range,close	ok	p1:race=0,clean=5,exit=0,abnormal=0,timeout=0;p8:race=0,clean=5,exit=0,abnormal=0,timeout=0;	DRF-in-N	-	-	ENUM-FAIL:run consumes more than --max-sites 32 choice site(s) — raise the case's sites bound (never truncated silently)	ok	uncertified	-
goroutines/pipeline/request-reply	confluent	goroutines,channels,range,close	ok	p1:race=0,clean=5,exit=0,abnormal=0,timeout=0;p8:race=0,clean=5,exit=0,abnormal=0,timeout=0;	DRF-in-N	1	0	DRF	ok	agree-DRF	-
goroutines/rendezvous-hb/send-hb	confluent	goroutines,channels,globals	ok	p1:race=0,clean=5,exit=0,abnormal=0,timeout=0;p8:race=0,clean=5,exit=0,abnormal=0,timeout=0;	DRF-in-N	1	0	DRF	ok	agree-DRF	-
goroutines/rendezvous-hb/recv-hb	confluent	goroutines,channels,globals	ok	p1:race=0,clean=5,exit=0,abnormal=0,timeout=0;p8:race=0,clean=5,exit=0,abnormal=0,timeout=0;	DRF-in-N	1	0	DRF	ok	agree-DRF	-
goroutines/sched-dependent/first-come	membership	goroutines,channels,nondet	ok	p1:race=0,clean=5,exit=0,abnormal=0,timeout=0;p8:race=0,clean=5,exit=0,abnormal=0,timeout=0;	DRF-in-N	2	0	DRF	ok	agree-DRF	-
goroutines/sched-dependent/select-default-handshake	membership	goroutines,channels,select,default,nondet	ok	p1:race=0,clean=5,exit=0,abnormal=0,timeout=0;p8:race=0,clean=5,exit=0,abnormal=0,timeout=0;	DRF-in-N	2	0	DRF	ok	agree-DRF	-
goroutines/sched-dependent/len-handoff	membership	goroutines,channels,len,make,nondet	ok	p1:race=0,clean=5,exit=0,abnormal=0,timeout=0;p8:race=0,clean=5,exit=0,abnormal=0,timeout=0;	DRF-in-N	2	0	DRF	ok	agree-DRF	-
goroutines/sched-dependent/waiter-pick	membership	goroutines,channels,nondet	ok	p1:race=0,clean=5,exit=0,abnormal=0,timeout=0;p8:race=0,clean=5,exit=0,abnormal=0,timeout=0;	DRF-in-N	2	0	DRF	ok	agree-DRF	-
goroutines/select-arrival-multi	membership	goroutines,channels,select,nondet	ok	p1:race=0,clean=5,exit=0,abnormal=0,timeout=0;p8:race=0,clean=5,exit=0,abnormal=0,timeout=0;	DRF-in-N	2	0	DRF	ok	agree-DRF	-
goroutines/select-closed-arrival/send	confluent	goroutines,channels,select,close,panic	panic	p1:race=0,clean=0,exit=5,abnormal=0,timeout=0;p8:race=0,clean=0,exit=5,abnormal=0,timeout=0;	DRF-in-N	1	0	DRF	panic	agree-DRF	-
goroutines/select-closed-arrival/recv-parked-sender	racy	goroutines,channels,select,close,comma_ok,recover,race	race	p1:race=5,clean=0,exit=0,abnormal=0,timeout=0;p8:race=5,clean=0,exit=0,abnormal=0,timeout=0;	RACE	1	1	RACE-ALL	race	agree-race	-
goroutines/select-closed-arrival/recv-closed-drains-hb	confluent	goroutines,channels,select,close,comma_ok	ok	p1:race=0,clean=5,exit=0,abnormal=0,timeout=0;p8:race=0,clean=5,exit=0,abnormal=0,timeout=0;	DRF-in-N	1	0	DRF	ok	agree-DRF	-
goroutines/select-closed-arrival/send-close-race	racy	goroutines,channels,select,close,recover,race	race	p1:race=5,clean=0,exit=0,abnormal=0,timeout=0;p8:race=5,clean=0,exit=0,abnormal=0,timeout=0;	RACE	1	1	RACE-ALL	race	agree-race	-
goroutines/select-closed-arrival/send-paired-then-close	confluent	goroutines,channels,select,close	ok	p1:race=0,clean=5,exit=0,abnormal=0,timeout=0;p8:race=0,clean=5,exit=0,abnormal=0,timeout=0;	DRF-in-N	1	0	DRF	ok	agree-DRF	-
goroutines/select-wake/recv	confluent	goroutines,channels,select	ok	p1:race=0,clean=5,exit=0,abnormal=0,timeout=0;p8:race=0,clean=5,exit=0,abnormal=0,timeout=0;	DRF-in-N	1	0	DRF	ok	agree-DRF	-
goroutines/select-wake/send	confluent	goroutines,channels,select	ok	p1:race=0,clean=5,exit=0,abnormal=0,timeout=0;p8:race=0,clean=5,exit=0,abnormal=0,timeout=0;	DRF-in-N	1	0	DRF	ok	agree-DRF	-
goroutines/select-wake/closed	confluent	goroutines,channels,select,close	ok	p1:race=0,clean=5,exit=0,abnormal=0,timeout=0;p8:race=0,clean=5,exit=0,abnormal=0,timeout=0;	DRF-in-N	1	0	DRF	ok	agree-DRF	-
goroutines/select-wake/buffered-data	confluent	goroutines,channels,select,make	ok	p1:race=0,clean=5,exit=0,abnormal=0,timeout=0;p8:race=0,clean=5,exit=0,abnormal=0,timeout=0;	DRF-in-N	1	0	DRF	ok	agree-DRF	-
goroutines/select-wake-close-selsel	membership	goroutines,channels,select,close,nondet	ok	p1:race=0,clean=5,exit=0,abnormal=0,timeout=0;p8:race=0,clean=5,exit=0,abnormal=0,timeout=0;	DRF-in-N	2	0	DRF	ok	agree-DRF	-
goroutines/select-wake-multi	membership	goroutines,channels,select,close,nondet	ok	p1:race=0,clean=5,exit=0,abnormal=0,timeout=0;p8:race=0,clean=5,exit=0,abnormal=0,timeout=0;	DRF-in-N	2	0	DRF	ok	agree-DRF	-
goroutines/send-then-spin	membership	goroutines,channels,loops,nondet	ok	p1:race=0,clean=5,exit=0,abnormal=0,timeout=0;p8:race=0,clean=5,exit=0,abnormal=0,timeout=0;	DRF-in-N	1	0	ENUM-FAIL:truncated(nonterm=200,backedgeCapped=0)	fuel-out	uncertified	-
goroutines/spawn-edge/nil-func-fatal	strict	goroutines,channels,nil,fatal	fatal	p1:race=0,clean=0,exit=5,abnormal=0,timeout=0;p8:race=0,clean=0,exit=5,abnormal=0,timeout=0;	DRF-in-N	-	-	ENUM-FAIL:machine step failed under pick assignment [] — cannot certify the observation set: fatal: go of nil func value	fatal	uncertified	-
goroutines/spawn-edge/child-panic-aborts	confluent	goroutines,channels,panic	panic	p1:race=0,clean=0,exit=5,abnormal=0,timeout=0;p8:race=0,clean=0,exit=5,abnormal=0,timeout=0;	DRF-in-N	1	0	DRF	panic	agree-DRF	-
goroutines/spawn-edge/child-recovers	strict	goroutines,channels,recover	ok	p1:race=0,clean=5,exit=0,abnormal=0,timeout=0;p8:race=0,clean=5,exit=0,abnormal=0,timeout=0;	DRF-in-N	1	0	DRF	ok	agree-DRF	-
goroutines/spawn-edge/nil-interface-recovered	strict	goroutines,channels,interfaces,nil,recover	ok	p1:race=0,clean=5,exit=0,abnormal=0,timeout=0;p8:race=0,clean=5,exit=0,abnormal=0,timeout=0;	DRF-in-N	1	0	DRF	ok	agree-DRF	-
goroutines/spawn-edge/ptr-box-child-aborts	confluent	goroutines,channels,interfaces,nil,panic	panic	p1:race=0,clean=0,exit=5,abnormal=0,timeout=0;p8:race=0,clean=0,exit=5,abnormal=0,timeout=0;	DRF-in-N	1	0	DRF	panic	agree-DRF	-
goroutines/spawn-in-init/in-init	strict	goroutines,channels,init	ok	p1:race=0,clean=5,exit=0,abnormal=0,timeout=0;p8:race=0,clean=5,exit=0,abnormal=0,timeout=0;	DRF-in-N	-	-	ENUM-FAIL:package init failed under []: unsupported: package init: go spawn outside the thread pool (goroutine spawn is a pool ste	unsupported	uncertified	-
goroutines/wake-then-abort	membership	goroutines,channels,panic,nondet	ok	p1:race=0,clean=0,exit=5,abnormal=0,timeout=0;p8:race=0,clean=0,exit=5,abnormal=0,timeout=0;	DRF-in-N	2	0	DRF	panic	agree-DRF	-
goroutines/wake-window/buffered-send	membership	goroutines,channels,nondet	ok	p1:race=0,clean=0,exit=5,abnormal=0,timeout=0;p8:race=0,clean=0,exit=5,abnormal=0,timeout=0;	DRF-in-N	2	0	DRF	ok	agree-DRF	-
goroutines/wake-window/close-recv	membership	goroutines,channels,close,nondet	ok	p1:race=0,clean=0,exit=5,abnormal=0,timeout=0;p8:race=0,clean=0,exit=5,abnormal=0,timeout=0;	DRF-in-N	2	0	DRF	ok	agree-DRF	-
goroutines/worker-pool/sum	confluent	goroutines,channels,closures	ok	p1:race=0,clean=5,exit=0,abnormal=0,timeout=0;p8:race=0,clean=5,exit=0,abnormal=0,timeout=0;	DRF-in-N	-	-	ENUM-FAIL:backEdge scheduling site of bound 2 under pick assignment [0] — the row must DECLARE its back-edge tree: backedge=<k> 	ok	uncertified	-
goroutines/worker-pool/shared-feed	strict	goroutines,channels,range,close	ok	p1:race=0,clean=5,exit=0,abnormal=0,timeout=0;p8:race=0,clean=5,exit=0,abnormal=0,timeout=0;	DRF-in-N	-	-	ENUM-FAIL:run consumes more than --max-sites 32 choice site(s) — raise the case's sites bound (never truncated silently)	ok	uncertified	-
imported-goose/channel/actris-example	confluent	imported_goose,channels,goroutines,pointers	ok	p1:race=0,clean=5,exit=0,abnormal=0,timeout=0;p8:race=0,clean=5,exit=0,abnormal=0,timeout=0;	DRF-in-N	1	0	DRF	ok	agree-DRF	-
imported-goose/channel/google-search	membership	imported_goose,channels,goroutines,nondet	ok	p1:race=0,clean=5,exit=0,abnormal=0,timeout=0;p8:race=0,clean=5,exit=0,abnormal=0,timeout=0;	DRF-in-N	6	0	DRF	ok	agree-DRF	-
imported-goose/channel/muxer/async	confluent	imported_goose,channels,goroutines,strings	ok	p1:race=0,clean=5,exit=0,abnormal=0,timeout=0;p8:race=0,clean=5,exit=0,abnormal=0,timeout=0;	DRF-in-N	1	0	DRF	ok	agree-DRF	-
imported-goose/channel/muxer/client	confluent	imported_goose,channels,goroutines,strings	ok	p1:race=0,clean=5,exit=0,abnormal=0,timeout=0;p8:race=0,clean=5,exit=0,abnormal=0,timeout=0;	DRF-in-N	1	0	DRF	ok	agree-DRF	-
imported-goose/channel/muxer-unverified/drained	strict	imported_goose,channels,select,close	ok	p1:race=0,clean=5,exit=0,abnormal=0,timeout=0;p8:race=0,clean=5,exit=0,abnormal=0,timeout=0;	DRF-in-N	1	0	DRF	ok	agree-DRF	-
imported-goose/channel/muxer-unverified/done	strict	imported_goose,channels,select,close	ok	p1:race=0,clean=5,exit=0,abnormal=0,timeout=0;p8:race=0,clean=5,exit=0,abnormal=0,timeout=0;	DRF-in-N	1	0	DRF	ok	agree-DRF	-
imported-goose/channel/parallel-search-replace/search-replace	strict	imported_goose,sync,waitgroup,goroutines,channels	ok	p1:race=0,clean=5,exit=0,abnormal=0,timeout=0;p8:race=0,clean=5,exit=0,abnormal=0,timeout=0;	DRF-in-N	-	-	ENUM-FAIL:site bound 5 exceeds the case's width 4 — the width assertion is REFUTED (mechanically, at pick position 9); raise the	ok	uncertified	-
imported-goose/channel/select-tricky-examples/nb-not-ready	confluent	imported_goose,channels,select,default	ok	p1:race=0,clean=5,exit=0,abnormal=0,timeout=0;p8:race=0,clean=5,exit=0,abnormal=0,timeout=0;	DRF-in-N	1	0	DRF	ok	agree-DRF	-
imported-goose/channel/select-tricky-examples/nb-guaranteed-ready	strict	imported_goose,channels,select,default,close	ok	p1:race=0,clean=5,exit=0,abnormal=0,timeout=0;p8:race=0,clean=5,exit=0,abnormal=0,timeout=0;	DRF-in-N	1	0	DRF	ok	agree-DRF	-
imported-goose/channel/select-tricky-examples/nb-full-buffer-not-ready	strict	imported_goose,channels,select,default	ok	p1:race=0,clean=5,exit=0,abnormal=0,timeout=0;p8:race=0,clean=5,exit=0,abnormal=0,timeout=0;	DRF-in-N	1	0	DRF	ok	agree-DRF	-
imported-goose/semantics/lock/s-use-locks	strict	imported_goose,sync,mutex	ok	p1:race=0,clean=5,exit=0,abnormal=0,timeout=0;p8:race=0,clean=5,exit=0,abnormal=0,timeout=0;	DRF-in-N	1	0	DRF	ok	agree-DRF	-
imported-goose/unittest/spawn/simple-spawn	strict	imported_goose,sync,mutex,goroutines	ok	p1:race=0,clean=5,exit=0,abnormal=0,timeout=0;p8:race=0,clean=5,exit=0,abnormal=0,timeout=0;	DRF-in-N	-	-	ENUM-FAIL:run consumes more than --max-sites 32 choice site(s) — raise the case's sites bound (never truncated silently)	ok	uncertified	-
imported-goose/unittest/synchronization/make-lock	strict	imported_goose,sync,mutex	ok	p1:race=0,clean=5,exit=0,abnormal=0,timeout=0;p8:race=0,clean=5,exit=0,abnormal=0,timeout=0;	DRF-in-N	1	0	DRF	ok	agree-DRF	-
init/quarantined-init-dep	strict	init,globals,calls,channels	ok	p1:race=0,clean=5,exit=0,abnormal=0,timeout=0;p8:race=0,clean=5,exit=0,abnormal=0,timeout=0;	DRF-in-N	1	0	DRF	ok	agree-DRF	-
init/quarantined-init-iface	strict	init,globals,interfaces,methods,channels	ok	p1:race=0,clean=5,exit=0,abnormal=0,timeout=0;p8:race=0,clean=5,exit=0,abnormal=0,timeout=0;	DRF-in-N	1	0	DRF	ok	agree-DRF	-
interfaces/quarantined-anonymous-interface	strict	interfaces,unused,channels	ok	p1:race=0,clean=5,exit=0,abnormal=0,timeout=0;p8:race=0,clean=5,exit=0,abnormal=0,timeout=0;	DRF-in-N	1	0	DRF	ok	agree-DRF	-
interfaces/typed-nil-channel	strict	interfaces,nil,channels,type_assertions	ok	p1:race=0,clean=5,exit=0,abnormal=0,timeout=0;p8:race=0,clean=5,exit=0,abnormal=0,timeout=0;	DRF-in-N	1	0	DRF	ok	agree-DRF	-
maps/added-entry-count	membership	maps,range,evaluation_order,nondet	ok	p1:race=0,clean=5,exit=0,abnormal=0,timeout=0;p8:race=0,clean=5,exit=0,abnormal=0,timeout=0;	DRF-in-N	2	0	DRF	ok	agree-DRF	-
maps/channel-key	strict	maps,channels,keys,identity	ok	p1:race=0,clean=5,exit=0,abnormal=0,timeout=0;p8:race=0,clean=5,exit=0,abnormal=0,timeout=0;	DRF-in-N	1	0	DRF	ok	agree-DRF	-
maps/delete-nil-key-types	strict	maps,nil,delete,keys,interfaces,pointers,channels,arrays,structs	ok	p1:race=0,clean=5,exit=0,abnormal=0,timeout=0;p8:race=0,clean=5,exit=0,abnormal=0,timeout=0;	DRF-in-N	1	0	DRF	ok	agree-DRF	-
maps/delete-readd-during-range	membership	maps,delete,range,evaluation_order,nondet	ok	p1:race=0,clean=5,exit=0,abnormal=0,timeout=0;p8:race=0,clean=5,exit=0,abnormal=0,timeout=0;	DRF-in-N	3	0	DRF	ok	agree-DRF	-
maps/jitter-draw	membership	maps,range,keys,loops,nondet	ok	p1:race=0,clean=5,exit=0,abnormal=0,timeout=0;p8:race=0,clean=5,exit=0,abnormal=0,timeout=0;	DRF-in-N	5	0	DRF	ok	agree-DRF	-
maps/nil-channel-key	strict	maps,channels,keys,nil,identity	ok	p1:race=0,clean=5,exit=0,abnormal=0,timeout=0;p8:race=0,clean=5,exit=0,abnormal=0,timeout=0;	DRF-in-N	1	0	DRF	ok	agree-DRF	-
maps/nil-read-key-types	strict	maps,nil,keys,comma_ok,arrays,structs,channels	ok	p1:race=0,clean=5,exit=0,abnormal=0,timeout=0;p8:race=0,clean=5,exit=0,abnormal=0,timeout=0;	DRF-in-N	1	0	DRF	ok	agree-DRF	-
maps/range-first-key	membership	maps,range,keys,loops,nondet	ok	p1:race=0,clean=5,exit=0,abnormal=0,timeout=0;p8:race=0,clean=5,exit=0,abnormal=0,timeout=0;	DRF-in-N	3	0	DRF	ok	agree-DRF	-
methods/recv-implicit-addr-deref/sync-recv-nil	strict	sync,mutex,pointers,nil,panic,recover	ok	p1:race=0,clean=5,exit=0,abnormal=0,timeout=0;p8:race=0,clean=5,exit=0,abnormal=0,timeout=0;	DRF-in-N	1	0	DRF	ok	agree-DRF	-
multipkg/mini-raft-twin/choice-order	membership	multipackage,structs,maps,slices,nondet	ok	p1:race=0,clean=5,exit=0,abnormal=0,timeout=0;p8:race=0,clean=5,exit=0,abnormal=0,timeout=0;	DRF-in-N	2	0	DRF	ok	agree-DRF	-
race/free/slice-disjoint	confluent	goroutines,channels,slices,race	ok	p1:race=0,clean=5,exit=0,abnormal=0,timeout=0;p8:race=0,clean=5,exit=0,abnormal=0,timeout=0;	DRF-in-N	1	0	DRF	ok	agree-DRF	-
race/free/field-disjoint	confluent	goroutines,channels,structs,race	ok	p1:race=0,clean=5,exit=0,abnormal=0,timeout=0;p8:race=0,clean=5,exit=0,abnormal=0,timeout=0;	DRF-in-N	1	0	DRF	ok	agree-DRF	-
race/free/field-read-write	confluent	goroutines,channels,structs,race	ok	p1:race=0,clean=5,exit=0,abnormal=0,timeout=0;p8:race=0,clean=5,exit=0,abnormal=0,timeout=0;	DRF-in-N	1	0	DRF	ok	agree-DRF	-
race/free/ptr-field-read-write	confluent	goroutines,channels,structs,pointers,race	ok	p1:race=0,clean=5,exit=0,abnormal=0,timeout=0;p8:race=0,clean=5,exit=0,abnormal=0,timeout=0;	DRF-in-N	1	0	DRF	ok	agree-DRF	-
race/free/array-read-write	confluent	goroutines,channels,arrays,race	ok	p1:race=0,clean=5,exit=0,abnormal=0,timeout=0;p8:race=0,clean=5,exit=0,abnormal=0,timeout=0;	DRF-in-N	1	0	DRF	ok	agree-DRF	-
race/free/array-const-index-field	confluent	goroutines,channels,arrays,structs,race	ok	p1:race=0,clean=5,exit=0,abnormal=0,timeout=0;p8:race=0,clean=5,exit=0,abnormal=0,timeout=0;	DRF-in-N	1	0	DRF	ok	agree-DRF	-
race/free/field-array-const-index	confluent	goroutines,channels,arrays,structs,race	ok	p1:race=0,clean=5,exit=0,abnormal=0,timeout=0;p8:race=0,clean=5,exit=0,abnormal=0,timeout=0;	DRF-in-N	1	0	DRF	ok	agree-DRF	-
race/free/array-dyn-index-read-write	strict	goroutines,channels,arrays,race	ok	p1:race=0,clean=5,exit=0,abnormal=0,timeout=0;p8:race=0,clean=5,exit=0,abnormal=0,timeout=0;	DRF-in-N	1	1	RACE-ALL	race	over-refusal	-
race/free/promoted-ptr-box	confluent	goroutines,channels,interfaces,methods,embedding,race	ok	p1:race=0,clean=5,exit=0,abnormal=0,timeout=0;p8:race=0,clean=5,exit=0,abnormal=0,timeout=0;	DRF-in-N	1	0	DRF	ok	agree-DRF	-
race/free/addr-deref-no-read	confluent	goroutines,channels,pointers,race	ok	p1:race=0,clean=5,exit=0,abnormal=0,timeout=0;p8:race=0,clean=5,exit=0,abnormal=0,timeout=0;	DRF-in-N	1	0	DRF	ok	agree-DRF	-
race/free/method-value-order	confluent	goroutines,channels,interfaces,methods,race	ok	p1:race=0,clean=5,exit=0,abnormal=0,timeout=0;p8:race=0,clean=5,exit=0,abnormal=0,timeout=0;	DRF-in-N	1	0	DRF	ok	agree-DRF	-
race/free/spawn-dispatch-free	confluent	goroutines,channels,interfaces,methods,race	ok	p1:race=0,clean=5,exit=0,abnormal=0,timeout=0;p8:race=0,clean=5,exit=0,abnormal=0,timeout=0;	DRF-in-N	1	0	DRF	ok	agree-DRF	-
race/free-sync/mutex	confluent	sync,mutex,goroutines,channels,globals,race	ok	p1:race=0,clean=5,exit=0,abnormal=0,timeout=0;p8:race=0,clean=5,exit=0,abnormal=0,timeout=0;	DRF-in-N	1	0	DRF	ok	agree-DRF	-
race/free-sync/wg-edge	confluent	sync,waitgroup,goroutines,globals,race	ok	p1:race=0,clean=5,exit=0,abnormal=0,timeout=0;p8:race=0,clean=5,exit=0,abnormal=0,timeout=0;	DRF-in-N	1	0	DRF	ok	agree-DRF	-
race/free-sync/once-edge	confluent	sync,once,goroutines,channels,globals,race,closures	ok	p1:race=0,clean=5,exit=0,abnormal=0,timeout=0;p8:race=0,clean=5,exit=0,abnormal=0,timeout=0;	DRF-in-N	1	0	DRF	ok	agree-DRF	-
race/free-sync/rw-writers	confluent	sync,rwmutex,waitgroup,goroutines,globals,race	ok	p1:race=0,clean=5,exit=0,abnormal=0,timeout=0;p8:race=0,clean=5,exit=0,abnormal=0,timeout=0;	DRF-in-N	1	0	DRF	ok	agree-DRF	-
race/litmus/mp-sync	confluent	goroutines,channels,race	ok	p1:race=0,clean=5,exit=0,abnormal=0,timeout=0;p8:race=0,clean=5,exit=0,abnormal=0,timeout=0;	DRF-in-N	1	0	DRF	ok	agree-DRF	-
race/litmus/mp-racy	racy	goroutines,channels,race	race	p1:race=5,clean=0,exit=0,abnormal=0,timeout=0;p8:race=5,clean=0,exit=0,abnormal=0,timeout=0;	RACE	1	1	RACE-ALL	race	agree-race	-
race/litmus/lb-racy	racy	goroutines,channels,race	race	p1:race=5,clean=0,exit=0,abnormal=0,timeout=0;p8:race=5,clean=0,exit=0,abnormal=0,timeout=0;	RACE	1	1	RACE-ALL	race	agree-race	-
race/litmus/close-hb	confluent	goroutines,channels,close,race	ok	p1:race=0,clean=5,exit=0,abnormal=0,timeout=0;p8:race=0,clean=5,exit=0,abnormal=0,timeout=0;	DRF-in-N	1	0	DRF	ok	agree-DRF	-
race/litmus/chan-mutex	confluent	goroutines,channels,race	ok	p1:race=0,clean=5,exit=0,abnormal=0,timeout=0;p8:race=0,clean=5,exit=0,abnormal=0,timeout=0;	DRF-in-N	1	0	DRF	ok	agree-DRF	-
race/litmus/sb-chan	membership	goroutines,channels,select,default,race,nondet	ok	p1:race=0,clean=5,exit=0,abnormal=0,timeout=0;p8:race=0,clean=5,exit=0,abnormal=0,timeout=0;	DRF-in-N	3	0	DRF	ok	agree-DRF	-
race/negative/write-write	racy	goroutines,channels,race	race	p1:race=5,clean=0,exit=0,abnormal=0,timeout=0;p8:race=5,clean=0,exit=0,abnormal=0,timeout=0;	RACE	1	1	RACE-ALL	race	agree-race	-
race/negative/read-write	racy	goroutines,channels,race	race	p1:race=5,clean=0,exit=0,abnormal=0,timeout=0;p8:race=5,clean=0,exit=0,abnormal=0,timeout=0;	RACE	1	1	RACE-ALL	race	agree-race	-
race/negative/increment	racy	goroutines,channels,race	race	p1:race=5,clean=0,exit=0,abnormal=0,timeout=0;p8:race=5,clean=0,exit=0,abnormal=0,timeout=0;	RACE	1	1	RACE-ALL	race	agree-race	-
race/negative/map-rw	racy	goroutines,channels,maps,race	race	p1:race=5,clean=0,exit=0,abnormal=0,timeout=0;p8:race=5,clean=0,exit=0,abnormal=0,timeout=0;	RACE	1	1	RACE-ALL	race	agree-race	-
race/negative/slice-elem	racy	goroutines,channels,slices,race	race	p1:race=5,clean=0,exit=0,abnormal=0,timeout=0;p8:race=5,clean=0,exit=0,abnormal=0,timeout=0;	RACE	1	1	RACE-ALL	race	agree-race	-
race/negative/iface-dispatch	racy	goroutines,channels,interfaces,methods,race	race	p1:race=5,clean=0,exit=0,abnormal=0,timeout=0;p8:race=5,clean=0,exit=0,abnormal=0,timeout=0;	RACE	1	1	RACE-ALL	race	agree-race	-
race/negative/len-map	racy	goroutines,channels,maps,len,race	race	p1:race=5,clean=0,exit=0,abnormal=0,timeout=0;p8:race=5,clean=0,exit=0,abnormal=0,timeout=0;	RACE	1	1	RACE-ALL	race	agree-race	-
race/negative/method-value	racy	goroutines,channels,interfaces,methods,race	race	p1:race=5,clean=0,exit=0,abnormal=0,timeout=0;p8:race=5,clean=0,exit=0,abnormal=0,timeout=0;	RACE	1	1	RACE-ALL	race	agree-race	-
race/negative/defer-dispatch	racy	goroutines,channels,interfaces,methods,defer,race	race	p1:race=5,clean=0,exit=0,abnormal=0,timeout=0;p8:race=5,clean=0,exit=0,abnormal=0,timeout=0;	RACE	1	1	RACE-ALL	race	agree-race	-
race/negative/spawn-dispatch	racy	goroutines,channels,interfaces,methods,race	race	p1:race=5,clean=0,exit=0,abnormal=0,timeout=0;p8:race=5,clean=0,exit=0,abnormal=0,timeout=0;	RACE	1	1	RACE-ALL	race	agree-race	-
race/negative/promoted-dispatch	racy	goroutines,channels,interfaces,methods,embedding,race	race	p1:race=5,clean=0,exit=0,abnormal=0,timeout=0;p8:race=5,clean=0,exit=0,abnormal=0,timeout=0;	RACE	1	1	RACE-ALL	race	agree-race	-
race/negative/map-range-iter	racy	goroutines,channels,maps,range,race	race	p1:race=5,clean=0,exit=0,abnormal=0,timeout=0;p8:race=5,clean=0,exit=0,abnormal=0,timeout=0;	RACE	1	1	RACE-ALL	race	agree-race	-
race/negative/array-const-index-same-elem	racy	goroutines,channels,arrays,race	race	p1:race=5,clean=0,exit=0,abnormal=0,timeout=0;p8:race=5,clean=0,exit=0,abnormal=0,timeout=0;	RACE	1	1	RACE-ALL	race	agree-race	-
race/negative/array-const-index-whole-write	racy	goroutines,channels,arrays,race	race	p1:race=5,clean=0,exit=0,abnormal=0,timeout=0;p8:race=5,clean=0,exit=0,abnormal=0,timeout=0;	RACE	1	1	RACE-ALL	race	agree-race	-
race/negative-sync/one-side	racy	sync,mutex,goroutines,channels,globals,race	race	p1:race=5,clean=0,exit=0,abnormal=0,timeout=0;p8:race=5,clean=0,exit=0,abnormal=0,timeout=0;	RACE	1	1	RACE-ALL	race	agree-race	-
race/negative-sync/rlock-serialized	racy	sync,rwmutex,waitgroup,goroutines,globals,race	race	p1:race=5,clean=0,exit=0,abnormal=0,timeout=0;p8:race=5,clean=0,exit=0,abnormal=0,timeout=0;	RACE	1	1	RACE-ALL	race	agree-race	-
race/negative-sync/wg-no-edge	racy	sync,waitgroup,goroutines,channels,globals,race	race	p1:race=5,clean=0,exit=0,abnormal=0,timeout=0;p8:race=5,clean=0,exit=0,abnormal=0,timeout=0;	RACE	1	1	RACE-ALL	race	agree-race	-
race/negative-sync/wg-overwrite	racy	sync,waitgroup,goroutines,channels,structs,race	race	p1:race=5,clean=0,exit=0,abnormal=0,timeout=0;p8:race=5,clean=0,exit=0,abnormal=0,timeout=0;	RACE	2	0	DRF	ok	HOLE	-
race/negative-sync/mutex-copy	racy	sync,mutex,goroutines,channels,structs,race	race	p1:race=5,clean=0,exit=0,abnormal=0,timeout=0;p8:race=5,clean=0,exit=0,abnormal=0,timeout=0;	RACE	1	0	DRF	ok	HOLE	-
scoping/named-result-shadow/commaok-recv	strict	scoping,shadowing,named-results,channels	ok	p1:race=0,clean=5,exit=0,abnormal=0,timeout=0;p8:race=0,clean=5,exit=0,abnormal=0,timeout=0;	DRF-in-N	1	0	DRF	ok	agree-DRF	-
scoping/select-clause-scope	strict	scoping,select,channels,shadowing	ok	p1:race=0,clean=5,exit=0,abnormal=0,timeout=0;p8:race=0,clean=5,exit=0,abnormal=0,timeout=0;	DRF-in-N	1	0	DRF	ok	agree-DRF	-
slices/append-spill-below-formula	membership	slices,append,cap,strings,nondet	ok	p1:race=0,clean=5,exit=0,abnormal=0,timeout=0;p8:race=0,clean=5,exit=0,abnormal=0,timeout=0;	DRF-in-N	31	0	DRF	ok	agree-DRF	-
slices/append-spill-size-class	membership	slices,append,cap,nondet	ok	p1:race=0,clean=5,exit=0,abnormal=0,timeout=0;p8:race=0,clean=5,exit=0,abnormal=0,timeout=0;	DRF-in-N	300	0	DRF	ok	agree-DRF	-
slices/append-spill-stack-buffer	membership	slices,append,cap,bytes,nondet	ok	p1:race=0,clean=5,exit=0,abnormal=0,timeout=0;p8:race=0,clean=5,exit=0,abnormal=0,timeout=0;	DRF-in-N	29	0	DRF	ok	agree-DRF	-
slices/full-slice-cap-zero	membership	slices,full_slice,append,cap,aliasing,nondet	ok	p1:race=0,clean=5,exit=0,abnormal=0,timeout=0;p8:race=0,clean=5,exit=0,abnormal=0,timeout=0;	DRF-in-N	32	0	DRF	ok	agree-DRF	-
spec-examples-decl/conversion-parse-forms	strict	conversions,channels,functions,pointers,structs,calls	ok	p1:race=0,clean=5,exit=0,abnormal=0,timeout=0;p8:race=0,clean=5,exit=0,abnormal=0,timeout=0;	DRF-in-N	1	0	DRF	ok	agree-DRF	-
spec-examples-decl/function-literals	strict	closures,functions,calls,channels,literals	ok	p1:race=0,clean=5,exit=0,abnormal=0,timeout=0;p8:race=0,clean=5,exit=0,abnormal=0,timeout=0;	DRF-in-N	1	0	DRF	ok	agree-DRF	-
spec-examples-decl/receive-comma-ok/forms	strict	channels,comma_ok,close,short_decl,zero_values	ok	p1:race=0,clean=5,exit=0,abnormal=0,timeout=0;p8:race=0,clean=5,exit=0,abnormal=0,timeout=0;	DRF-in-N	1	0	DRF	ok	agree-DRF	-
spec-examples-decl/receive-comma-ok/typed-form	strict	channels,comma_ok,bools,typed	ok	p1:race=0,clean=5,exit=0,abnormal=0,timeout=0;p8:race=0,clean=5,exit=0,abnormal=0,timeout=0;	DRF-in-N	1	0	DRF	ok	agree-DRF	-
spec-examples-decl/receive-comma-ok/untyped-form-live	strict	channels,comma_ok,zero_values	ok	p1:race=0,clean=5,exit=0,abnormal=0,timeout=0;p8:race=0,clean=5,exit=0,abnormal=0,timeout=0;	DRF-in-N	1	0	DRF	ok	agree-DRF	-
spec-examples-decl/select-forms/ready	strict	select,channels,evaluation_order,nil	ok	p1:race=0,clean=5,exit=0,abnormal=0,timeout=0;p8:race=0,clean=5,exit=0,abnormal=0,timeout=0;	DRF-in-N	1	0	DRF	ok	agree-DRF	-
spec-examples-decl/select-forms/default	strict	select,channels,default,nil	ok	p1:race=0,clean=5,exit=0,abnormal=0,timeout=0;p8:race=0,clean=5,exit=0,abnormal=0,timeout=0;	DRF-in-N	1	0	DRF	ok	agree-DRF	-
spec-examples-decl/select-forms/block-forever	strict	select,deadlock	deadlock	p1:race=0,clean=0,exit=0,abnormal=0,timeout=5;p8:race=0,clean=0,exit=0,abnormal=0,timeout=5;	NO-VERDICT	-	-	ENUM-FAIL:deadlock member under pick assignment [] — deadlocking members have no membership handling (fail loud, per the design)	deadlock	uncertified	gc: no completed run (all timed out or died before an outcome)
spec-examples-decl/var-comma-ok-matrix/recv-untyped	strict	channels,comma_ok,untyped,multi_result	ok	p1:race=0,clean=5,exit=0,abnormal=0,timeout=0;p8:race=0,clean=5,exit=0,abnormal=0,timeout=0;	DRF-in-N	1	0	DRF	ok	agree-DRF	-
spec-examples-decl/var-comma-ok-matrix/recv-untyped-blank-value	strict	channels,comma_ok,untyped,bools	ok	p1:race=0,clean=5,exit=0,abnormal=0,timeout=0;p8:race=0,clean=5,exit=0,abnormal=0,timeout=0;	DRF-in-N	1	0	DRF	ok	agree-DRF	-
spec-examples-decl/var-comma-ok-matrix/recv-untyped-blank-ok	strict	channels,comma_ok,untyped	ok	p1:race=0,clean=5,exit=0,abnormal=0,timeout=0;p8:race=0,clean=5,exit=0,abnormal=0,timeout=0;	DRF-in-N	1	0	DRF	ok	agree-DRF	-
spec-examples-decl/var-comma-ok-matrix/recv-typed	strict	channels,comma_ok,typed,bools,multi_result	ok	p1:race=0,clean=5,exit=0,abnormal=0,timeout=0;p8:race=0,clean=5,exit=0,abnormal=0,timeout=0;	DRF-in-N	1	0	DRF	ok	agree-DRF	-
spec-examples-decl/var-comma-ok-matrix/recv-typed-blank-value	strict	channels,comma_ok,typed,bools	ok	p1:race=0,clean=5,exit=0,abnormal=0,timeout=0;p8:race=0,clean=5,exit=0,abnormal=0,timeout=0;	DRF-in-N	1	0	DRF	ok	agree-DRF	-
spec-examples-decl/var-comma-ok-matrix/recv-typed-blank-ok	strict	channels,comma_ok,typed,bools	ok	p1:race=0,clean=5,exit=0,abnormal=0,timeout=0;p8:race=0,clean=5,exit=0,abnormal=0,timeout=0;	DRF-in-N	1	0	DRF	ok	agree-DRF	-
spec-examples-decl/var-comma-ok-matrix/recv-typed-iface	strict	channels,comma_ok,typed,interfaces,multi_result	ok	p1:race=0,clean=5,exit=0,abnormal=0,timeout=0;p8:race=0,clean=5,exit=0,abnormal=0,timeout=0;	DRF-in-N	-	-	ENUM-FAIL:machine step failed under pick assignment [] — cannot certify the observation set: unsupported: frontend-quarantined: 	unsupported	uncertified	-
spec-examples-decl/var-comma-ok-matrix/pkg-recv-untyped	strict	channels,comma_ok,untyped,globals,multi_result	ok	p1:race=0,clean=5,exit=0,abnormal=0,timeout=0;p8:race=0,clean=5,exit=0,abnormal=0,timeout=0;	DRF-in-N	1	0	DRF	ok	agree-DRF	-
spec-examples-decl/var-comma-ok-matrix/pkg-recv-untyped-blank-value	strict	channels,comma_ok,untyped,globals,bools	ok	p1:race=0,clean=5,exit=0,abnormal=0,timeout=0;p8:race=0,clean=5,exit=0,abnormal=0,timeout=0;	DRF-in-N	1	0	DRF	ok	agree-DRF	-
spec-examples-decl/var-comma-ok-matrix/pkg-recv-untyped-blank-ok	strict	channels,comma_ok,untyped,globals	ok	p1:race=0,clean=5,exit=0,abnormal=0,timeout=0;p8:race=0,clean=5,exit=0,abnormal=0,timeout=0;	DRF-in-N	1	0	DRF	ok	agree-DRF	-
spec-examples-decl/var-comma-ok-matrix/pkg-recv-typed	strict	channels,comma_ok,typed,globals,bools,multi_result	ok	p1:race=0,clean=5,exit=0,abnormal=0,timeout=0;p8:race=0,clean=5,exit=0,abnormal=0,timeout=0;	DRF-in-N	1	0	DRF	ok	agree-DRF	-
spec-examples-decl/var-comma-ok-matrix/pkg-recv-typed-blank-value	strict	channels,comma_ok,typed,globals,bools	ok	p1:race=0,clean=5,exit=0,abnormal=0,timeout=0;p8:race=0,clean=5,exit=0,abnormal=0,timeout=0;	DRF-in-N	1	0	DRF	ok	agree-DRF	-
spec-examples-decl/var-comma-ok-matrix/pkg-recv-typed-blank-ok	strict	channels,comma_ok,typed,globals,bools	ok	p1:race=0,clean=5,exit=0,abnormal=0,timeout=0;p8:race=0,clean=5,exit=0,abnormal=0,timeout=0;	DRF-in-N	1	0	DRF	ok	agree-DRF	-
spec-examples-decl/var-comma-ok-matrix/after-goto-recv	strict	channels,comma_ok,goto,multi_result	ok	p1:race=0,clean=5,exit=0,abnormal=0,timeout=0;p8:race=0,clean=5,exit=0,abnormal=0,timeout=0;	DRF-in-N	1	0	DRF	ok	agree-DRF	-
spec-examples-lexical/channel-direction-forms	strict	channels,make,defined_type,floats,assignment	ok	p1:race=0,clean=5,exit=0,abnormal=0,timeout=0;p8:race=0,clean=5,exit=0,abnormal=0,timeout=0;	DRF-in-N	1	0	DRF	ok	agree-DRF	-
spec-examples-stmt/assign-forms	strict	assignment,pointers,slices,indexing,channels,make	ok	p1:race=0,clean=5,exit=0,abnormal=0,timeout=0;p8:race=0,clean=5,exit=0,abnormal=0,timeout=0;	DRF-in-N	1	0	DRF	ok	agree-DRF	-
spec-examples-stmt/eval-order-calls/verbatim	strict	evaluation_order,calls,closures,channels,multi_assign,indexing	ok	p1:race=0,clean=5,exit=0,abnormal=0,timeout=0;p8:race=0,clean=5,exit=0,abnormal=0,timeout=0;	DRF-in-N	1	0	DRF	ok	agree-DRF	-
spec-examples-stmt/eval-order-calls/traced-recv	strict	evaluation_order,calls,closures,channels,multi_assign,indexing	ok	p1:race=0,clean=5,exit=0,abnormal=0,timeout=0;p8:race=0,clean=5,exit=0,abnormal=0,timeout=0;	DRF-in-N	1	0	DRF	ok	agree-DRF	-
spec-examples-stmt/go-statements/named-call	strict	goroutines,channels,make	ok	p1:race=0,clean=5,exit=0,abnormal=0,timeout=0;p8:race=0,clean=5,exit=0,abnormal=0,timeout=0;	DRF-in-N	1	0	DRF	ok	agree-DRF	-
spec-examples-stmt/go-statements/func-literal	strict	goroutines,channels,closures,loops,bools	ok	p1:race=0,clean=5,exit=0,abnormal=0,timeout=0;p8:race=0,clean=5,exit=0,abnormal=0,timeout=0;	DRF-in-N	-	-	ENUM-FAIL:run consumes more than --max-sites 32 choice site(s) — raise the case's sites bound (never truncated silently)	ok	uncertified	-
spec-examples-stmt/go-statements/params-at-go	strict	goroutines,channels,evaluation_order,closures	ok	p1:race=0,clean=5,exit=0,abnormal=0,timeout=0;p8:race=0,clean=5,exit=0,abnormal=0,timeout=0;	DRF-in-N	1	0	DRF	ok	agree-DRF	-
spec-examples-stmt/operator-precedence/mixed-chan	strict	comparisons,bools,channels,make	ok	p1:race=0,clean=5,exit=0,abnormal=0,timeout=0;p8:race=0,clean=5,exit=0,abnormal=0,timeout=0;	DRF-in-N	-	-	ENUM-FAIL:machine step failed under pick assignment [] — cannot certify the observation set: unsupported: frontend-quarantined: 	unsupported	uncertified	-
spec-examples-stmt/prime-sieve/five	strict	goroutines,channels,range,loops,modulo	ok	p1:race=0,clean=5,exit=0,abnormal=0,timeout=0;p8:race=0,clean=5,exit=0,abnormal=0,timeout=0;	DRF-in-N	-	-	ENUM-FAIL:run consumes more than --max-sites 32 choice site(s) — raise the case's sites bound (never truncated silently)	ok	uncertified	-
spec-examples-stmt/prime-sieve/eight	strict	goroutines,channels,range,loops,modulo	ok	p1:race=0,clean=5,exit=0,abnormal=0,timeout=0;p8:race=0,clean=5,exit=0,abnormal=0,timeout=0;	DRF-in-N	-	-	ENUM-FAIL:run consumes more than --max-sites 32 choice site(s) — raise the case's sites bound (never truncated silently)	ok	uncertified	-
spec-examples-stmt/receive-forms	strict	channels,make,len,closures,calls	ok	p1:race=0,clean=5,exit=0,abnormal=0,timeout=0;p8:race=0,clean=5,exit=0,abnormal=0,timeout=0;	DRF-in-N	1	0	DRF	ok	agree-DRF	-
spec-examples-stmt/short-var-decl	strict	short_decl,multi_assign,multi_result,closures,channels,make,len	ok	p1:race=0,clean=5,exit=0,abnormal=0,timeout=0;p8:race=0,clean=5,exit=0,abnormal=0,timeout=0;	DRF-in-N	1	0	DRF	ok	agree-DRF	-
sync/atomic-frontier/add-load-store	strict	sync,atomics,ints	ok	p1:race=0,clean=5,exit=0,abnormal=0,timeout=0;p8:race=0,clean=5,exit=0,abnormal=0,timeout=0;	DRF-in-N	-	-	ENUM-FAIL:machine step failed under pick assignment [] — cannot certify the observation set: unsupported: frontend-quarantined: 	unsupported	uncertified	-
sync/atomic-frontier/cas	strict	sync,atomics,ints	ok	p1:race=0,clean=5,exit=0,abnormal=0,timeout=0;p8:race=0,clean=5,exit=0,abnormal=0,timeout=0;	DRF-in-N	-	-	ENUM-FAIL:machine step failed under pick assignment [] — cannot certify the observation set: unsupported: frontend-quarantined: 	unsupported	uncertified	-
sync/atomic-frontier/swap	strict	sync,atomics,ints	ok	p1:race=0,clean=5,exit=0,abnormal=0,timeout=0;p8:race=0,clean=5,exit=0,abnormal=0,timeout=0;	DRF-in-N	-	-	ENUM-FAIL:machine step failed under pick assignment [] — cannot certify the observation set: unsupported: frontend-quarantined: 	unsupported	uncertified	-
sync/atomic-frontier/value	strict	sync,atomics,interfaces,type_assertions	ok	p1:race=0,clean=5,exit=0,abnormal=0,timeout=0;p8:race=0,clean=5,exit=0,abnormal=0,timeout=0;	DRF-in-N	-	-	ENUM-FAIL:machine step failed under pick assignment [] — cannot certify the observation set: unsupported: default value for impo	unsupported	uncertified	-
sync/atomic-frontier/mp-litmus	membership	sync,atomics,goroutines,nondet	ok	p1:race=0,clean=5,exit=0,abnormal=0,timeout=0;p8:race=0,clean=5,exit=0,abnormal=0,timeout=0;	DRF-in-N	-	-	ENUM-FAIL:machine step failed under pick assignment [] — cannot certify the observation set: unsupported: frontend-quarantined: 	unsupported	uncertified	-
sync/composite-literal/mutex-addr-lit	strict	sync,mutex	ok	p1:race=0,clean=5,exit=0,abnormal=0,timeout=0;p8:race=0,clean=5,exit=0,abnormal=0,timeout=0;	DRF-in-N	1	0	DRF	ok	agree-DRF	-
sync/composite-literal/waitgroup-value-lit	strict	sync,waitgroup	ok	p1:race=0,clean=5,exit=0,abnormal=0,timeout=0;p8:race=0,clean=5,exit=0,abnormal=0,timeout=0;	DRF-in-N	1	0	DRF	ok	agree-DRF	-
sync/composite-literal/rwmutex-addr-lit	strict	sync,rwmutex	ok	p1:race=0,clean=5,exit=0,abnormal=0,timeout=0;p8:race=0,clean=5,exit=0,abnormal=0,timeout=0;	DRF-in-N	1	0	DRF	ok	agree-DRF	-
sync/composite-literal/once-value-lit	strict	sync,once,closures	ok	p1:race=0,clean=5,exit=0,abnormal=0,timeout=0;p8:race=0,clean=5,exit=0,abnormal=0,timeout=0;	DRF-in-N	1	0	DRF	ok	agree-DRF	-
sync/composite-literal/lit-in-composite	strict	sync,mutex,slices,structs	ok	p1:race=0,clean=5,exit=0,abnormal=0,timeout=0;p8:race=0,clean=5,exit=0,abnormal=0,timeout=0;	DRF-in-N	1	0	DRF	ok	agree-DRF	-
sync/escapes/promoted	strict	sync,mutex,embedding	ok	p1:race=0,clean=5,exit=0,abnormal=0,timeout=0;p8:race=0,clean=5,exit=0,abnormal=0,timeout=0;	DRF-in-N	1	0	DRF	ok	agree-DRF	-
sync/escapes/method-value	strict	sync,mutex,closures	ok	p1:race=0,clean=5,exit=0,abnormal=0,timeout=0;p8:race=0,clean=5,exit=0,abnormal=0,timeout=0;	DRF-in-N	1	0	DRF	ok	agree-DRF	-
sync/escapes/go-stmt	strict	sync,waitgroup,goroutines	ok	p1:race=0,clean=5,exit=0,abnormal=0,timeout=0;p8:race=0,clean=5,exit=0,abnormal=0,timeout=0;	DRF-in-N	1	0	DRF	ok	agree-DRF	-
sync/escapes/defer-embedded	strict	sync,mutex,defer,embedding	ok	p1:race=0,clean=5,exit=0,abnormal=0,timeout=0;p8:race=0,clean=5,exit=0,abnormal=0,timeout=0;	DRF-in-N	1	0	DRF	ok	agree-DRF	-
sync/escapes/method-value-add-arg	strict	sync,waitgroup,closures	ok	p1:race=0,clean=5,exit=0,abnormal=0,timeout=0;p8:race=0,clean=5,exit=0,abnormal=0,timeout=0;	DRF-in-N	1	0	DRF	ok	agree-DRF	-
sync/escapes/method-value-negative-panic	strict	sync,waitgroup,panic,closures	panic	p1:race=0,clean=0,exit=5,abnormal=0,timeout=0;p8:race=0,clean=0,exit=5,abnormal=0,timeout=0;	DRF-in-N	1	0	DRF	panic	agree-DRF	-
sync/escapes/once-do-method-value	strict	sync,once,closures	ok	p1:race=0,clean=5,exit=0,abnormal=0,timeout=0;p8:race=0,clean=5,exit=0,abnormal=0,timeout=0;	DRF-in-N	1	0	DRF	ok	agree-DRF	-
sync/escapes/promoted-method-value	strict	sync,mutex,embedding,closures	ok	p1:race=0,clean=5,exit=0,abnormal=0,timeout=0;p8:race=0,clean=5,exit=0,abnormal=0,timeout=0;	DRF-in-N	1	0	DRF	ok	agree-DRF	-
sync/escapes/passed-callback	strict	sync,mutex,closures	ok	p1:race=0,clean=5,exit=0,abnormal=0,timeout=0;p8:race=0,clean=5,exit=0,abnormal=0,timeout=0;	DRF-in-N	1	0	DRF	ok	agree-DRF	-
sync/escapes/paren-forms	strict	sync,mutex,waitgroup,defer,closures	ok	p1:race=0,clean=5,exit=0,abnormal=0,timeout=0;p8:race=0,clean=5,exit=0,abnormal=0,timeout=0;	DRF-in-N	1	0	DRF	ok	agree-DRF	-
sync/iface-dispatch/mutex-user-iface	strict	sync,mutex,interfaces	ok	p1:race=0,clean=5,exit=0,abnormal=0,timeout=0;p8:race=0,clean=5,exit=0,abnormal=0,timeout=0;	DRF-in-N	1	0	DRF	ok	agree-DRF	-
sync/iface-dispatch/wg-user-iface	strict	sync,waitgroup,interfaces	ok	p1:race=0,clean=5,exit=0,abnormal=0,timeout=0;p8:race=0,clean=5,exit=0,abnormal=0,timeout=0;	DRF-in-N	1	0	DRF	ok	agree-DRF	-
sync/iface-dispatch/locker-box-dispatch	strict	sync,mutex,interfaces	ok	p1:race=0,clean=5,exit=0,abnormal=0,timeout=0;p8:race=0,clean=5,exit=0,abnormal=0,timeout=0;	DRF-in-N	1	0	DRF	ok	agree-DRF	-
sync/iface-dispatch/rw-locker-dispatch	strict	sync,rwmutex,interfaces	ok	p1:race=0,clean=5,exit=0,abnormal=0,timeout=0;p8:race=0,clean=5,exit=0,abnormal=0,timeout=0;	DRF-in-N	1	0	DRF	ok	agree-DRF	-
sync/iface-dispatch/once-iface-dispatch	strict	sync,once,interfaces,closures	ok	p1:race=0,clean=5,exit=0,abnormal=0,timeout=0;p8:race=0,clean=5,exit=0,abnormal=0,timeout=0;	DRF-in-N	1	0	DRF	ok	agree-DRF	-
sync/iface-dispatch/locker-double-lock	strict	sync,mutex,interfaces,deadlock	deadlock	p1:race=0,clean=0,exit=0,abnormal=0,timeout=5;p8:race=0,clean=0,exit=0,abnormal=0,timeout=5;	NO-VERDICT	-	-	ENUM-FAIL:deadlock member under pick assignment [] — deadlocking members have no membership handling (fail loud, per the design)	deadlock	uncertified	gc: no completed run (all timed out or died before an outcome)
sync/mutex-basic/lock-unlock	strict	sync,mutex	ok	p1:race=0,clean=5,exit=0,abnormal=0,timeout=0;p8:race=0,clean=5,exit=0,abnormal=0,timeout=0;	DRF-in-N	1	0	DRF	ok	agree-DRF	-
sync/mutex-basic/defer-unlock	strict	sync,mutex,defer,closures	ok	p1:race=0,clean=5,exit=0,abnormal=0,timeout=0;p8:race=0,clean=5,exit=0,abnormal=0,timeout=0;	DRF-in-N	1	0	DRF	ok	agree-DRF	-
sync/mutex-basic/copy-carries-state	strict	sync,mutex,assignment	ok	p1:race=0,clean=5,exit=0,abnormal=0,timeout=0;p8:race=0,clean=5,exit=0,abnormal=0,timeout=0;	DRF-in-N	1	0	DRF	ok	agree-DRF	-
sync/mutex-basic/cross-goroutine-unlock	confluent	sync,mutex,goroutines,channels	ok	p1:race=0,clean=5,exit=0,abnormal=0,timeout=0;p8:race=0,clean=5,exit=0,abnormal=0,timeout=0;	DRF-in-N	1	0	DRF	ok	agree-DRF	-
sync/mutex-double-lock/double-lock	strict	sync,mutex,deadlock	deadlock	p1:race=0,clean=0,exit=0,abnormal=0,timeout=5;p8:race=0,clean=0,exit=0,abnormal=0,timeout=5;	NO-VERDICT	-	-	ENUM-FAIL:deadlock member under pick assignment [] — deadlocking members have no membership handling (fail loud, per the design)	deadlock	uncertified	gc: no completed run (all timed out or died before an outcome)
sync/mutex-order/acquisition-order	membership	sync,mutex,goroutines,channels,globals,nondet	ok	p1:race=0,clean=5,exit=0,abnormal=0,timeout=0;p8:race=0,clean=5,exit=0,abnormal=0,timeout=0;	DRF-in-N	2	0	DRF	ok	agree-DRF	-
sync/mutex-protected/counter	confluent	sync,mutex,goroutines,channels,globals	ok	p1:race=0,clean=5,exit=0,abnormal=0,timeout=0;p8:race=0,clean=5,exit=0,abnormal=0,timeout=0;	DRF-in-N	1	0	DRF	ok	agree-DRF	-
sync/mutex-protected/visible	confluent	sync,mutex,goroutines,channels,globals	ok	p1:race=0,clean=5,exit=0,abnormal=0,timeout=0;p8:race=0,clean=5,exit=0,abnormal=0,timeout=0;	DRF-in-N	1	0	DRF	ok	agree-DRF	-
sync/mutex-unlock-fatal/unlock-of-unlocked	strict	sync,mutex	fatal	p1:race=0,clean=0,exit=5,abnormal=0,timeout=0;p8:race=0,clean=0,exit=5,abnormal=0,timeout=0;	DRF-in-N	-	-	ENUM-FAIL:machine step failed under pick assignment [] — cannot certify the observation set: fatal: sync: unlock of unlocked mut	fatal	uncertified	-
sync/mutex-unlock-fatal/unlock-recover-attempt	strict	sync,mutex,recover	fatal	p1:race=0,clean=0,exit=5,abnormal=0,timeout=0;p8:race=0,clean=0,exit=5,abnormal=0,timeout=0;	DRF-in-N	-	-	ENUM-FAIL:machine step failed under pick assignment [] — cannot certify the observation set: fatal: sync: unlock of unlocked mut	fatal	uncertified	-
sync/mutex-unlock-fatal/during-panic-unwind	strict	sync,mutex,defer,panic	fatal	p1:race=0,clean=0,exit=5,abnormal=0,timeout=0;p8:race=0,clean=0,exit=5,abnormal=0,timeout=0;	DRF-in-N	-	-	ENUM-FAIL:machine step failed under pick assignment [] — cannot certify the observation set: fatal: sync: unlock of unlocked mut	fatal	uncertified	-
sync/once-basic/runs-once	strict	sync,once,closures	ok	p1:race=0,clean=5,exit=0,abnormal=0,timeout=0;p8:race=0,clean=5,exit=0,abnormal=0,timeout=0;	DRF-in-N	1	0	DRF	ok	agree-DRF	-
sync/once-basic/panicking-f	strict	sync,once,panic,recover,closures	ok	p1:race=0,clean=5,exit=0,abnormal=0,timeout=0;p8:race=0,clean=5,exit=0,abnormal=0,timeout=0;	DRF-in-N	1	0	DRF	ok	agree-DRF	-
sync/once-basic/across-goroutines	confluent	sync,once,goroutines,channels,closures	ok	p1:race=0,clean=5,exit=0,abnormal=0,timeout=0;p8:race=0,clean=5,exit=0,abnormal=0,timeout=0;	DRF-in-N	1	0	DRF	ok	agree-DRF	-
sync/once-nested-do/nested-do	strict	sync,once,deadlock,closures	deadlock	p1:race=0,clean=0,exit=0,abnormal=0,timeout=5;p8:race=0,clean=0,exit=0,abnormal=0,timeout=5;	NO-VERDICT	-	-	ENUM-FAIL:deadlock member under pick assignment [] — deadlocking members have no membership handling (fail loud, per the design)	deadlock	uncertified	gc: no completed run (all timed out or died before an outcome)
sync/out-of-scope-cond/cond-signal-no-waiter	strict	sync	ok	p1:race=0,clean=5,exit=0,abnormal=0,timeout=0;p8:race=0,clean=5,exit=0,abnormal=0,timeout=0;	DRF-in-N	-	-	ENUM-FAIL:machine step failed under pick assignment [] — cannot certify the observation set: unsupported: frontend-quarantined: 	unsupported	uncertified	-
sync/out-of-scope-cond/cond-wait-signal	strict	sync,cond,goroutines	ok	p1:race=0,clean=5,exit=0,abnormal=0,timeout=0;p8:race=0,clean=5,exit=0,abnormal=0,timeout=0;	DRF-in-N	-	-	ENUM-FAIL:machine step failed under pick assignment [] — cannot certify the observation set: unsupported: frontend-quarantined: 	unsupported	uncertified	-
sync/out-of-scope-cond/cond-broadcast	strict	sync,cond,goroutines	ok	p1:race=0,clean=5,exit=0,abnormal=0,timeout=0;p8:race=0,clean=5,exit=0,abnormal=0,timeout=0;	DRF-in-N	-	-	ENUM-FAIL:machine step failed under pick assignment [] — cannot certify the observation set: unsupported: frontend-quarantined: 	unsupported	uncertified	-
sync/out-of-scope-trylock/trylock-uncontended	strict	sync,mutex	ok	p1:race=0,clean=5,exit=0,abnormal=0,timeout=0;p8:race=0,clean=5,exit=0,abnormal=0,timeout=0;	DRF-in-N	-	-	ENUM-FAIL:machine step failed under pick assignment [] — cannot certify the observation set: unsupported: frontend-quarantined: 	unsupported	uncertified	-
sync/promoted-mutex/stmt	strict	sync,mutex,embedding,methods	ok	p1:race=0,clean=5,exit=0,abnormal=0,timeout=0;p8:race=0,clean=5,exit=0,abnormal=0,timeout=0;	DRF-in-N	1	0	DRF	ok	agree-DRF	-
sync/promoted-mutex/defer-unlock	strict	sync,mutex,embedding,methods,defer	ok	p1:race=0,clean=5,exit=0,abnormal=0,timeout=0;p8:race=0,clean=5,exit=0,abnormal=0,timeout=0;	DRF-in-N	1	0	DRF	ok	agree-DRF	-
sync/promoted-mutex/value-var	strict	sync,mutex,embedding,addressability	ok	p1:race=0,clean=5,exit=0,abnormal=0,timeout=0;p8:race=0,clean=5,exit=0,abnormal=0,timeout=0;	DRF-in-N	1	0	DRF	ok	agree-DRF	-
sync/promoted-mutex/counter	confluent	sync,mutex,embedding,goroutines,channels	ok	p1:race=0,clean=5,exit=0,abnormal=0,timeout=0;p8:race=0,clean=5,exit=0,abnormal=0,timeout=0;	DRF-in-N	1	0	DRF	ok	agree-DRF	-
sync/promoted-mutex/trylock-expr	strict	sync,mutex,embedding	ok	p1:race=0,clean=5,exit=0,abnormal=0,timeout=0;p8:race=0,clean=5,exit=0,abnormal=0,timeout=0;	DRF-in-N	-	-	ENUM-FAIL:machine step failed under pick assignment [] — cannot certify the observation set: unsupported: frontend-quarantined: 	unsupported	uncertified	-
sync/rwmutex-basic/rlock-twice	strict	sync,rwmutex	ok	p1:race=0,clean=5,exit=0,abnormal=0,timeout=0;p8:race=0,clean=5,exit=0,abnormal=0,timeout=0;	DRF-in-N	1	0	DRF	ok	agree-DRF	-
sync/rwmutex-basic/write-then-read-ordered	confluent	sync,rwmutex,goroutines,channels,globals	ok	p1:race=0,clean=5,exit=0,abnormal=0,timeout=0;p8:race=0,clean=5,exit=0,abnormal=0,timeout=0;	DRF-in-N	1	0	DRF	ok	agree-DRF	-
sync/rwmutex-misuse-fatal/wunlock-of-unlocked	strict	sync,rwmutex	fatal	p1:race=0,clean=0,exit=5,abnormal=0,timeout=0;p8:race=0,clean=0,exit=5,abnormal=0,timeout=0;	DRF-in-N	-	-	ENUM-FAIL:machine step failed under pick assignment [] — cannot certify the observation set: fatal: sync: Unlock of unlocked RWM	fatal	uncertified	-
sync/rwmutex-misuse-fatal/runlock-of-unlocked	strict	sync,rwmutex	fatal	p1:race=0,clean=0,exit=5,abnormal=0,timeout=0;p8:race=0,clean=0,exit=5,abnormal=0,timeout=0;	DRF-in-N	-	-	ENUM-FAIL:machine step failed under pick assignment [] — cannot certify the observation set: fatal: sync: RUnlock of unlocked RW	fatal	uncertified	-
sync/rwmutex-misuse-fatal/runlock-while-write-locked	strict	sync,rwmutex	fatal	p1:race=0,clean=0,exit=5,abnormal=0,timeout=0;p8:race=0,clean=0,exit=5,abnormal=0,timeout=0;	DRF-in-N	-	-	ENUM-FAIL:machine step failed under pick assignment [] — cannot certify the observation set: fatal: sync: RUnlock of unlocked RW	fatal	uncertified	-
sync/rwmutex-order/acquisition	membership	sync,rwmutex,goroutines,channels,globals,nondet	ok	p1:race=0,clean=5,exit=0,abnormal=0,timeout=0;p8:race=0,clean=5,exit=0,abnormal=0,timeout=0;	DRF-in-N	2	0	DRF	ok	agree-DRF	-
sync/rwmutex-rlock-then-lock/rlock-then-lock	strict	sync,rwmutex,deadlock	deadlock	p1:race=0,clean=0,exit=0,abnormal=0,timeout=5;p8:race=0,clean=0,exit=0,abnormal=0,timeout=5;	NO-VERDICT	-	-	ENUM-FAIL:deadlock member under pick assignment [] — deadlocking members have no membership handling (fail loud, per the design)	deadlock	uncertified	gc: no completed run (all timed out or died before an outcome)
sync/satisfaction/assert-ok-mutex	strict	sync,mutex,interfaces	ok	p1:race=0,clean=5,exit=0,abnormal=0,timeout=0;p8:race=0,clean=5,exit=0,abnormal=0,timeout=0;	DRF-in-N	1	0	DRF	ok	agree-DRF	-
sync/satisfaction/type-switch-mutex	strict	sync,mutex,interfaces,switch	ok	p1:race=0,clean=5,exit=0,abnormal=0,timeout=0;p8:race=0,clean=5,exit=0,abnormal=0,timeout=0;	DRF-in-N	1	0	DRF	ok	agree-DRF	-
sync/satisfaction/bare-assert-mutex	strict	sync,mutex,interfaces	ok	p1:race=0,clean=5,exit=0,abnormal=0,timeout=0;p8:race=0,clean=5,exit=0,abnormal=0,timeout=0;	DRF-in-N	1	0	DRF	ok	agree-DRF	-
sync/satisfaction/assert-negative-missing	strict	sync,mutex,interfaces	ok	p1:race=0,clean=5,exit=0,abnormal=0,timeout=0;p8:race=0,clean=5,exit=0,abnormal=0,timeout=0;	DRF-in-N	1	0	DRF	ok	agree-DRF	-
sync/satisfaction/bare-assert-missing-panics	strict	sync,mutex,interfaces,panic	panic	p1:race=0,clean=0,exit=5,abnormal=0,timeout=0;p8:race=0,clean=0,exit=5,abnormal=0,timeout=0;	DRF-in-N	1	0	DRF	panic	agree-DRF	-
sync/satisfaction/assert-ok-waitgroup	strict	sync,waitgroup,interfaces	ok	p1:race=0,clean=5,exit=0,abnormal=0,timeout=0;p8:race=0,clean=5,exit=0,abnormal=0,timeout=0;	DRF-in-N	1	0	DRF	ok	agree-DRF	-
sync/satisfaction/assert-ok-once	strict	sync,once,interfaces	ok	p1:race=0,clean=5,exit=0,abnormal=0,timeout=0;p8:race=0,clean=5,exit=0,abnormal=0,timeout=0;	DRF-in-N	1	0	DRF	ok	agree-DRF	-
sync/satisfaction/trylock-sig-satisfies	strict	sync,mutex,interfaces	ok	p1:race=0,clean=5,exit=0,abnormal=0,timeout=0;p8:race=0,clean=5,exit=0,abnormal=0,timeout=0;	DRF-in-N	1	0	DRF	ok	agree-DRF	-
sync/satisfaction-locker-sig/assert-ok-rwmutex	strict	sync,rwmutex,interfaces	ok	p1:race=0,clean=5,exit=0,abnormal=0,timeout=0;p8:race=0,clean=5,exit=0,abnormal=0,timeout=0;	DRF-in-N	1	0	DRF	ok	agree-DRF	-
sync/stub-satisfaction/satisfies	strict	sync,mutex,embedding,interfaces	ok	p1:race=0,clean=5,exit=0,abnormal=0,timeout=0;p8:race=0,clean=5,exit=0,abnormal=0,timeout=0;	DRF-in-N	1	0	DRF	ok	agree-DRF	-
sync/waitgroup-basic/add-done-wait	confluent	sync,waitgroup,goroutines,globals	ok	p1:race=0,clean=5,exit=0,abnormal=0,timeout=0;p8:race=0,clean=5,exit=0,abnormal=0,timeout=0;	DRF-in-N	1	0	DRF	ok	agree-DRF	-
sync/waitgroup-basic/batch-done	strict	sync,waitgroup	ok	p1:race=0,clean=5,exit=0,abnormal=0,timeout=0;p8:race=0,clean=5,exit=0,abnormal=0,timeout=0;	DRF-in-N	1	0	DRF	ok	agree-DRF	-
sync/waitgroup-basic/recovered-negative-continue	strict	sync,waitgroup,recover,defer	ok	p1:race=0,clean=5,exit=0,abnormal=0,timeout=0;p8:race=0,clean=5,exit=0,abnormal=0,timeout=0;	DRF-in-N	1	0	DRF	ok	agree-DRF	-
sync/waitgroup-int32/add-overflow-panics	strict	sync,waitgroup,panic	panic	p1:race=0,clean=0,exit=5,abnormal=0,timeout=0;p8:race=0,clean=0,exit=5,abnormal=0,timeout=0;	DRF-in-N	1	0	DRF	panic	agree-DRF	-
sync/waitgroup-int32/add-wrap-noop	strict	sync,waitgroup	ok	p1:race=0,clean=5,exit=0,abnormal=0,timeout=0;p8:race=0,clean=5,exit=0,abnormal=0,timeout=0;	DRF-in-N	1	0	DRF	ok	agree-DRF	-
sync/waitgroup-negative-after-recover/negative-after-recover	strict	sync,waitgroup,recover,goroutines,channels,deadlock	deadlock	p1:race=0,clean=0,exit=0,abnormal=0,timeout=5;p8:race=0,clean=0,exit=0,abnormal=0,timeout=5;	NO-VERDICT	-	-	ENUM-FAIL:alias-guard probe [2] failed: the probed member's run errored — deadlock: all goroutines are asleep - deadlock!. Under	deadlock	uncertified	gc: no completed run (all timed out or died before an outcome)
sync/waitgroup-negative-panic/negative-counter	strict	sync,waitgroup,panic	panic	p1:race=0,clean=0,exit=5,abnormal=0,timeout=0;p8:race=0,clean=0,exit=5,abnormal=0,timeout=0;	DRF-in-N	1	0	DRF	panic	agree-DRF	-
sync/waitgroup-panic-payload/payload-is-string	strict	sync,waitgroup,panic,recover	ok	p1:race=0,clean=5,exit=0,abnormal=0,timeout=0;p8:race=0,clean=5,exit=0,abnormal=0,timeout=0;	DRF-in-N	1	0	DRF	ok	agree-DRF	-
sync/waitgroup-wait-deadlock/wait-deadlock	strict	sync,waitgroup,deadlock	deadlock	p1:race=0,clean=0,exit=0,abnormal=0,timeout=5;p8:race=0,clean=0,exit=0,abnormal=0,timeout=5;	NO-VERDICT	-	-	ENUM-FAIL:deadlock member under pick assignment [] — deadlocking members have no membership handling (fail loud, per the design)	deadlock	uncertified	gc: no completed run (all timed out or died before an outcome)
sync/waitgroup-workers-join/workers-join	strict	sync,waitgroup,mutex,goroutines,globals,loops	ok	p1:race=0,clean=5,exit=0,abnormal=0,timeout=0;p8:race=0,clean=5,exit=0,abnormal=0,timeout=0;	DRF-in-N	-	-	ENUM-FAIL:run consumes more than --max-sites 32 choice site(s) — raise the case's sites bound (never truncated silently)	ok	uncertified	-
