pkg	kind	name	loc	refused_calls	supplied_calls	lang_refusals	imported_types	verdict
cedargo	func	Authorize	45	-	-	FR-12:range-over-func,imported-generic-inst:iter.Seq2	-	refused(static)
cedargo	func	newPolicy	3	-	-	-	-	lowers(static)
cedargo	method	Policy.MarshalJSON	4	-	-	-	-	lowers(static)
cedargo	method	Policy.UnmarshalJSON	9	-	-	-	-	lowers(static)
cedargo	method	Policy.MarshalCedar	8	bytes.Buffer.Bytes	-	-	bytes.Buffer	refused(static)
cedargo	method	Policy.UnmarshalCedar	8	-	-	-	-	lowers(static)
cedargo	func	NewPolicyFromAST	4	-	-	-	-	lowers(static)
cedargo	method	Policy.Annotations	7	-	-	-	-	lowers(static)
cedargo	method	Policy.Effect	3	-	-	-	-	lowers(static)
cedargo	method	Policy.Position	3	-	-	-	-	lowers(static)
cedargo	method	Policy.SetFilename	3	-	-	-	-	lowers(static)
cedargo	method	Policy.AST	3	-	-	-	-	lowers(static)
cedargo	func	NewPolicyListFromBytes	10	-	-	-	-	lowers(static)
cedargo	method	PolicyList.UnmarshalCedar	13	-	fmt.Errorf	-	-	lowers(static)
cedargo	method	PolicyList.MarshalCedar	11	bytes.Buffer.Bytes	bytes.Buffer.Write,bytes.Buffer.WriteString	-	bytes.Buffer	refused(static)
cedargo	method	PolicyMap.All	3	maps.All	-	sig:imported-generic-inst:iter.Seq2	-	refused(static)
cedargo	func	NewPolicySet	3	-	-	-	-	lowers(static)
cedargo	func	NewPolicySetFromBytes	12	-	fmt.Sprintf	-	-	lowers(static)
cedargo	method	PolicySet.Get	3	-	-	-	-	lowers(static)
cedargo	method	PolicySet.Add	5	-	-	-	-	lowers(static)
cedargo	method	PolicySet.Remove	5	-	-	-	-	lowers(static)
cedargo	method	PolicySet.Map	3	maps.Clone	-	-	-	refused(static)
cedargo	method	PolicySet.MarshalCedar	20	bytes.Buffer.Bytes	bytes.Buffer.Write,bytes.Buffer.WriteString,slices.Sort	-	bytes.Buffer	refused(static)
cedargo	method	PolicySet.MarshalJSON	9	encoding/json.Marshal	-	-	-	refused(static)
cedargo	method	PolicySet.UnmarshalJSON	13	encoding/json.Unmarshal	-	-	-	refused(static)
cedargo	method	PolicySet.IsAuthorized	3	-	-	-	-	lowers(static)
cedargo	method	PolicySet.All	9	-	-	sig:imported-generic-inst:iter.Seq2	-	refused(static)
cedargo	func	NewEncoder	3	-	-	-	io.Writer	lowers(static)
cedargo	method	Encoder.Encode	3	-	-	-	-	lowers(static)
cedargo	func	NewDecoder	3	-	-	-	io.Reader	lowers(static)
cedargo	method	Decoder.Decode	12	-	-	-	-	lowers(static)
cedargo	func	NewDatetimeFromMillis	3	-	-	-	-	lowers(static)
cedargo	func	NewDurationFromMillis	3	-	-	-	-	lowers(static)
cedargo	func	NewDuration	3	-	-	-	time.Duration	lowers(static)
cedargo	func	NewDatetime	3	-	-	-	time.Time	lowers(static)
cedargo	func	NewEntityUID	3	-	-	-	-	lowers(static)
cedargo	func	NewEntityUIDSet	3	-	-	-	-	lowers(static)
cedargo	func	NewPattern	3	-	-	-	-	lowers(static)
cedargo	func	NewRecord	3	-	-	-	-	lowers(static)
cedargo	func	NewSet	3	-	-	-	-	lowers(static)
cedargo	func	NewDecimal	3	-	-	-	-	lowers(static)
cedargo	func	NewDecimalFromInt	3	-	-	-	-	lowers(static)
cedargo	func	NewDecimalFromFloat	3	-	-	-	-	lowers(static)
cedargo/ast	method	Annotations.unwrap	3	-	-	-	-	lowers(static)
cedargo/ast	func	wrapAnnotations	3	-	-	-	-	lowers(static)
cedargo/ast	func	Annotation	3	-	-	-	-	lowers(static)
cedargo/ast	method	Annotations.Annotation	3	-	-	-	-	lowers(static)
cedargo/ast	method	Annotations.Permit	3	-	-	-	-	lowers(static)
cedargo/ast	method	Annotations.Forbid	3	-	-	-	-	lowers(static)
cedargo/ast	method	Policy.Annotate	3	-	-	-	-	lowers(static)
cedargo/ast	func	wrapNode	3	-	-	-	-	lowers(static)
cedargo/ast	method	Node.Equal	3	-	-	-	-	lowers(static)
cedargo/ast	method	Node.NotEqual	3	-	-	-	-	lowers(static)
cedargo/ast	method	Node.LessThan	3	-	-	-	-	lowers(static)
cedargo/ast	method	Node.LessThanOrEqual	3	-	-	-	-	lowers(static)
cedargo/ast	method	Node.GreaterThan	3	-	-	-	-	lowers(static)
cedargo/ast	method	Node.GreaterThanOrEqual	3	-	-	-	-	lowers(static)
cedargo/ast	method	Node.DecimalLessThan	3	-	-	-	-	lowers(static)
cedargo/ast	method	Node.DecimalLessThanOrEqual	3	-	-	-	-	lowers(static)
cedargo/ast	method	Node.DecimalGreaterThan	3	-	-	-	-	lowers(static)
cedargo/ast	method	Node.DecimalGreaterThanOrEqual	3	-	-	-	-	lowers(static)
cedargo/ast	method	Node.Like	3	-	-	-	-	lowers(static)
cedargo/ast	method	Node.And	3	-	-	-	-	lowers(static)
cedargo/ast	method	Node.Or	3	-	-	-	-	lowers(static)
cedargo/ast	func	Not	3	-	-	-	-	lowers(static)
cedargo/ast	func	IfThenElse	3	-	-	-	-	lowers(static)
cedargo/ast	method	Node.Add	3	-	-	-	-	lowers(static)
cedargo/ast	method	Node.Subtract	3	-	-	-	-	lowers(static)
cedargo/ast	method	Node.Multiply	3	-	-	-	-	lowers(static)
cedargo/ast	func	Negate	3	-	-	-	-	lowers(static)
cedargo/ast	method	Node.In	3	-	-	-	-	lowers(static)
cedargo/ast	method	Node.Is	3	-	-	-	-	lowers(static)
cedargo/ast	method	Node.IsIn	3	-	-	-	-	lowers(static)
cedargo/ast	method	Node.Contains	3	-	-	-	-	lowers(static)
cedargo/ast	method	Node.ContainsAll	3	-	-	-	-	lowers(static)
cedargo/ast	method	Node.ContainsAny	3	-	-	-	-	lowers(static)
cedargo/ast	method	Node.IsEmpty	1	-	-	-	-	lowers(static)
cedargo/ast	method	Node.Access	3	-	-	-	-	lowers(static)
cedargo/ast	method	Node.Has	3	-	-	-	-	lowers(static)
cedargo/ast	method	Node.GetTag	3	-	-	-	-	lowers(static)
cedargo/ast	method	Node.HasTag	3	-	-	-	-	lowers(static)
cedargo/ast	method	Node.IsIpv4	3	-	-	-	-	lowers(static)
cedargo/ast	method	Node.IsIpv6	3	-	-	-	-	lowers(static)
cedargo/ast	method	Node.IsMulticast	3	-	-	-	-	lowers(static)
cedargo/ast	method	Node.IsLoopback	3	-	-	-	-	lowers(static)
cedargo/ast	method	Node.IsInRange	3	-	-	-	-	lowers(static)
cedargo/ast	method	Node.Offset	1	-	-	-	-	lowers(static)
cedargo/ast	method	Node.DurationSince	1	-	-	-	-	lowers(static)
cedargo/ast	method	Node.ToDate	1	-	-	-	-	lowers(static)
cedargo/ast	method	Node.ToTime	1	-	-	-	-	lowers(static)
cedargo/ast	method	Node.ToDays	1	-	-	-	-	lowers(static)
cedargo/ast	method	Node.ToHours	1	-	-	-	-	lowers(static)
cedargo/ast	method	Node.ToMinutes	1	-	-	-	-	lowers(static)
cedargo/ast	method	Node.ToSeconds	1	-	-	-	-	lowers(static)
cedargo/ast	method	Node.ToMilliseconds	1	-	-	-	-	lowers(static)
cedargo/ast	func	wrapPolicy	3	-	-	-	-	lowers(static)
cedargo/ast	method	Policy.unwrap	3	-	-	-	-	lowers(static)
cedargo/ast	func	Permit	3	-	-	-	-	lowers(static)
cedargo/ast	func	Forbid	3	-	-	-	-	lowers(static)
cedargo/ast	method	Policy.When	3	-	-	-	-	lowers(static)
cedargo/ast	method	Policy.Unless	3	-	-	-	-	lowers(static)
cedargo/ast	method	Policy.MarshalJSON	4	-	-	-	-	lowers(static)
cedargo/ast	method	Policy.UnmarshalJSON	9	-	-	-	-	lowers(static)
cedargo/ast	method	Policy.MarshalCedar	8	bytes.Buffer.Bytes	-	-	bytes.Buffer	refused(static)
cedargo/ast	method	Policy.UnmarshalCedar	8	-	-	-	-	lowers(static)
cedargo/ast	method	Policy.PrincipalEq	3	-	-	-	-	lowers(static)
cedargo/ast	method	Policy.PrincipalIn	3	-	-	-	-	lowers(static)
cedargo/ast	method	Policy.PrincipalIs	3	-	-	-	-	lowers(static)
cedargo/ast	method	Policy.PrincipalIsIn	3	-	-	-	-	lowers(static)
cedargo/ast	method	Policy.ActionEq	3	-	-	-	-	lowers(static)
cedargo/ast	method	Policy.ActionIn	3	-	-	-	-	lowers(static)
cedargo/ast	method	Policy.ActionInSet	3	-	-	-	-	lowers(static)
cedargo/ast	method	Policy.ResourceEq	3	-	-	-	-	lowers(static)
cedargo/ast	method	Policy.ResourceIn	3	-	-	-	-	lowers(static)
cedargo/ast	method	Policy.ResourceIs	3	-	-	-	-	lowers(static)
cedargo/ast	method	Policy.ResourceIsIn	3	-	-	-	-	lowers(static)
cedargo/ast	func	Boolean	3	-	-	-	-	lowers(static)
cedargo/ast	func	True	3	-	-	-	-	lowers(static)
cedargo/ast	func	False	3	-	-	-	-	lowers(static)
cedargo/ast	func	String	3	-	-	-	-	lowers(static)
cedargo/ast	func	Long	3	-	-	-	-	lowers(static)
cedargo/ast	func	Set	7	-	-	-	-	lowers(static)
cedargo/ast	func	Record	7	-	-	-	-	lowers(static)
cedargo/ast	func	EntityUID	3	-	-	-	-	lowers(static)
cedargo/ast	func	IPAddr	3	-	-	-	-	lowers(static)
cedargo/ast	func	Datetime	3	-	-	-	time.Time	lowers(static)
cedargo/ast	func	Duration	3	-	-	-	time.Duration	lowers(static)
cedargo/ast	func	Value	3	-	-	-	-	lowers(static)
cedargo/ast	func	DecimalExtensionCall	3	-	-	-	-	lowers(static)
cedargo/ast	func	IPExtensionCall	3	-	-	-	-	lowers(static)
cedargo/ast	func	DatetimeExtensionCall	3	-	-	-	-	lowers(static)
cedargo/ast	func	DurationExtensionCall	3	-	-	-	-	lowers(static)
cedargo/ast	func	Principal	3	-	-	-	-	lowers(static)
cedargo/ast	func	Action	3	-	-	-	-	lowers(static)
cedargo/ast	func	Resource	3	-	-	-	-	lowers(static)
cedargo/ast	func	Context	3	-	-	-	-	lowers(static)
cedargo/internal/consts	func	init	3	-	-	-	-	lowers(static)
cedargo/internal/eval	method	BoolEvaler.Eval	11	-	-	-	-	lowers(static)
cedargo/internal/eval	func	Compile	5	-	-	-	-	lowers(static)
cedargo/internal/eval	func	PolicyToNode	31	-	-	-	-	lowers(static)
cedargo/internal/eval	func	scopeToNode	21	-	-	-	-	lowers(static)
cedargo/internal/eval	func	ToEval	85	-	fmt.Errorf,fmt.Sprintf	-	-	lowers(static)
cedargo/internal/eval	func	zeroValue	3	-	-	-	-	lowers(static)
cedargo/internal/eval	func	evalBool	11	-	-	-	-	lowers(static)
cedargo/internal/eval	func	evalLong	11	-	-	-	-	lowers(static)
cedargo/internal/eval	func	evalComparableValue	11	-	fmt.Errorf	-	-	lowers(static)
cedargo/internal/eval	func	evalString	11	-	-	-	-	lowers(static)
cedargo/internal/eval	func	evalSet	11	-	-	-	-	lowers(static)
cedargo/internal/eval	func	evalEntity	11	-	-	-	-	lowers(static)
cedargo/internal/eval	func	evalDatetime	11	-	-	-	-	lowers(static)
cedargo/internal/eval	func	evalDecimal	11	-	-	-	-	lowers(static)
cedargo/internal/eval	func	evalDuration	11	-	-	-	-	lowers(static)
cedargo/internal/eval	func	evalIP	12	-	-	-	-	lowers(static)
cedargo/internal/eval	func	newErrorEval	5	-	-	-	-	lowers(static)
cedargo/internal/eval	method	errorEval.Eval	3	-	-	-	-	lowers(static)
cedargo/internal/eval	func	newLiteralEval	3	-	-	-	-	lowers(static)
cedargo/internal/eval	method	literalEval.Eval	3	-	-	-	-	lowers(static)
cedargo/internal/eval	func	newOrEval	6	-	-	-	-	lowers(static)
cedargo/internal/eval	method	orEval.Eval	22	-	-	-	-	lowers(static)
cedargo/internal/eval	func	newAndEval	6	-	-	-	-	lowers(static)
cedargo/internal/eval	method	andEval.Eval	22	-	-	-	-	lowers(static)
cedargo/internal/eval	func	newNotEval	5	-	-	-	-	lowers(static)
cedargo/internal/eval	method	notEval.Eval	11	-	-	-	-	lowers(static)
cedargo/internal/eval	func	checkedAddI64	7	-	-	-	-	lowers(static)
cedargo/internal/eval	func	checkedSubI64	7	-	-	-	-	lowers(static)
cedargo/internal/eval	func	checkedMulI64	15	-	-	-	-	lowers(static)
cedargo/internal/eval	func	checkedNegI64	6	-	-	-	-	lowers(static)
cedargo/internal/eval	func	newAddEval	6	-	-	-	-	lowers(static)
cedargo/internal/eval	method	addEval.Eval	15	-	fmt.Errorf	-	-	lowers(static)
cedargo/internal/eval	func	newSubtractEval	6	-	-	-	-	lowers(static)
cedargo/internal/eval	method	subtractEval.Eval	15	-	fmt.Errorf	-	-	lowers(static)
cedargo/internal/eval	func	newMultiplyEval	6	-	-	-	-	lowers(static)
cedargo/internal/eval	method	multiplyEval.Eval	15	-	fmt.Errorf	-	-	lowers(static)
cedargo/internal/eval	func	newNegateEval	5	-	-	-	-	lowers(static)
cedargo/internal/eval	method	negateEval.Eval	11	-	fmt.Errorf	-	-	lowers(static)
cedargo/internal/eval	func	newDecimalLessThanEval	6	-	-	-	-	lowers(static)
cedargo/internal/eval	method	decimalLessThanEval.Eval	11	-	-	-	-	lowers(static)
cedargo/internal/eval	func	newDecimalLessThanOrEqualEval	6	-	-	-	-	lowers(static)
cedargo/internal/eval	method	decimalLessThanOrEqualEval.Eval	11	-	-	-	-	lowers(static)
cedargo/internal/eval	func	newDecimalGreaterThanEval	6	-	-	-	-	lowers(static)
cedargo/internal/eval	method	decimalGreaterThanEval.Eval	11	-	-	-	-	lowers(static)
cedargo/internal/eval	func	newDecimalGreaterThanOrEqualEval	6	-	-	-	-	lowers(static)
cedargo/internal/eval	method	decimalGreaterThanOrEqualEval.Eval	11	-	-	-	-	lowers(static)
cedargo/internal/eval	func	newIfThenElseEval	7	-	-	-	-	lowers(static)
cedargo/internal/eval	method	ifThenElseEval.Eval	10	-	-	-	-	lowers(static)
cedargo/internal/eval	func	newEqualEval	6	-	-	-	-	lowers(static)
cedargo/internal/eval	method	equalEval.Eval	11	-	-	-	-	lowers(static)
cedargo/internal/eval	func	newNotEqualEval	6	-	-	-	-	lowers(static)
cedargo/internal/eval	method	notEqualEval.Eval	11	-	-	-	-	lowers(static)
cedargo/internal/eval	func	newSetLiteralEval	3	-	-	-	-	lowers(static)
cedargo/internal/eval	method	setLiteralEval.Eval	11	-	-	-	-	lowers(static)
cedargo/internal/eval	func	newContainsEval	6	-	-	-	-	lowers(static)
cedargo/internal/eval	method	containsEval.Eval	11	-	-	-	-	lowers(static)
cedargo/internal/eval	func	newContainsAllEval	6	-	-	-	-	lowers(static)
cedargo/internal/eval	method	containsAllEval.Eval	16	-	-	FR-12:range-over-func,imported-generic-inst:iter.Seq	-	refused(static)
cedargo/internal/eval	func	newContainsAnyEval	6	-	-	-	-	lowers(static)
cedargo/internal/eval	method	containsAnyEval.Eval	16	-	-	FR-12:range-over-func,imported-generic-inst:iter.Seq	-	refused(static)
cedargo/internal/eval	func	newIsEmptyEval	3	-	-	-	-	lowers(static)
cedargo/internal/eval	method	isEmptyEval.Eval	7	-	-	-	-	lowers(static)
cedargo/internal/eval	func	newRecordLiteralEval	3	-	-	-	-	lowers(static)
cedargo/internal/eval	method	recordLiteralEval.Eval	11	-	-	-	-	lowers(static)
cedargo/internal/eval	func	newAttributeAccessEval	3	-	-	-	-	lowers(static)
cedargo/internal/eval	method	attributeAccessEval.Eval	30	-	fmt.Errorf	-	-	lowers(static)
cedargo/internal/eval	func	newHasEval	3	-	-	-	-	lowers(static)
cedargo/internal/eval	method	hasEval.Eval	19	-	fmt.Errorf	-	-	lowers(static)
cedargo/internal/eval	func	newGetTagEval	3	-	-	-	-	lowers(static)
cedargo/internal/eval	method	getTagEval.Eval	28	-	fmt.Errorf	-	-	lowers(static)
cedargo/internal/eval	func	newHasTagEval	3	-	-	-	-	lowers(static)
cedargo/internal/eval	method	hasTagEval.Eval	19	-	-	-	-	lowers(static)
cedargo/internal/eval	func	newLikeEval	3	-	-	-	-	lowers(static)
cedargo/internal/eval	method	likeEval.Eval	7	-	-	-	-	lowers(static)
cedargo/internal/eval	func	newVariableEval	3	-	-	-	-	lowers(static)
cedargo/internal/eval	method	variableEval.Eval	12	-	-	-	-	lowers(static)
cedargo/internal/eval	func	newInEval	3	-	-	-	-	lowers(static)
cedargo/internal/eval	func	entityInOne	27	-	-	FR-12:range-over-func,imported-generic-inst:iter.Seq	-	refused(static)
cedargo/internal/eval	func	entityInSet	27	-	-	FR-12:range-over-func,imported-generic-inst:iter.Seq	-	refused(static)
cedargo/internal/eval	method	inEval.Eval	13	-	-	-	-	lowers(static)
cedargo/internal/eval	func	doInEval	18	-	fmt.Errorf	FR-12:range-over-func,imported-generic-inst:iter.Seq	-	refused(static)
cedargo/internal/eval	func	newIsEval	3	-	-	-	-	lowers(static)
cedargo/internal/eval	method	isEval.Eval	7	-	-	-	-	lowers(static)
cedargo/internal/eval	func	newIsInEval	3	-	-	-	-	lowers(static)
cedargo/internal/eval	method	isInEval.Eval	14	-	-	-	-	lowers(static)
cedargo/internal/eval	func	newDecimalLiteralEval	3	-	-	-	-	lowers(static)
cedargo/internal/eval	method	decimalLiteralEval.Eval	13	-	-	-	-	lowers(static)
cedargo/internal/eval	func	newDatetimeLiteralEval	3	-	-	-	-	lowers(static)
cedargo/internal/eval	method	datetimeLiteralEval.Eval	13	-	-	-	-	lowers(static)
cedargo/internal/eval	func	newDurationLiteralEval	3	-	-	-	-	lowers(static)
cedargo/internal/eval	method	durationLiteralEval.Eval	13	-	-	-	-	lowers(static)
cedargo/internal/eval	func	newIPLiteralEval	3	-	-	-	-	lowers(static)
cedargo/internal/eval	method	ipLiteralEval.Eval	13	-	-	-	-	lowers(static)
cedargo/internal/eval	func	ipTestIPv4	1	-	-	-	-	lowers(static)
cedargo/internal/eval	func	ipTestIPv6	1	-	-	-	-	lowers(static)
cedargo/internal/eval	func	ipTestLoopback	1	-	-	-	-	lowers(static)
cedargo/internal/eval	func	ipTestMulticast	1	-	-	-	-	lowers(static)
cedargo/internal/eval	func	newIPTestEval	3	-	-	-	-	lowers(static)
cedargo/internal/eval	method	ipTestEval.Eval	7	-	-	-	-	lowers(static)
cedargo/internal/eval	func	newIPIsInRangeEval	3	-	-	-	-	lowers(static)
cedargo/internal/eval	method	ipIsInRangeEval.Eval	11	-	-	-	-	lowers(static)
cedargo/internal/eval	func	newExtensionEval	63	-	fmt.Errorf	-	-	lowers(static)
cedargo/internal/eval	func	newComparableValueLessThanEval	6	-	-	-	-	lowers(static)
cedargo/internal/eval	method	comparableValueLessThanEval.Eval	15	-	fmt.Errorf	-	-	lowers(static)
cedargo/internal/eval	func	newComparableValueGreaterThanEval	6	-	-	-	-	lowers(static)
cedargo/internal/eval	method	comparableValueGreaterThanEval.Eval	15	-	fmt.Errorf	-	-	lowers(static)
cedargo/internal/eval	func	newComparableValueLessThanOrEqualEval	6	-	-	-	-	lowers(static)
cedargo/internal/eval	method	comparableValueLessThanOrEqualEval.Eval	15	-	fmt.Errorf	-	-	lowers(static)
cedargo/internal/eval	func	newComparableValueGreaterThanOrEqualEval	6	-	-	-	-	lowers(static)
cedargo/internal/eval	method	comparableValueGreaterThanOrEqualEval.Eval	15	errors.Join	-	-	-	refused(static)
cedargo/internal/eval	func	newToDateEval	3	-	-	-	-	lowers(static)
cedargo/internal/eval	method	toDateEval.Eval	7	-	-	-	-	lowers(static)
cedargo/internal/eval	func	newToTimeEval	3	-	-	-	-	lowers(static)
cedargo/internal/eval	method	toTimeEval.Eval	7	-	-	-	-	lowers(static)
cedargo/internal/eval	func	newToMillisecondsEval	3	-	-	-	-	lowers(static)
cedargo/internal/eval	method	toMillisecondsEval.Eval	7	-	-	-	-	lowers(static)
cedargo/internal/eval	func	newToSecondsEval	3	-	-	-	-	lowers(static)
cedargo/internal/eval	method	toSecondsEval.Eval	7	-	-	-	-	lowers(static)
cedargo/internal/eval	func	newToMinutesEval	3	-	-	-	-	lowers(static)
cedargo/internal/eval	method	toMinutesEval.Eval	7	-	-	-	-	lowers(static)
cedargo/internal/eval	func	newToHoursEval	3	-	-	-	-	lowers(static)
cedargo/internal/eval	method	toHoursEval.Eval	7	-	-	-	-	lowers(static)
cedargo/internal/eval	func	newToDaysEval	3	-	-	-	-	lowers(static)
cedargo/internal/eval	method	toDaysEval.Eval	7	-	-	-	-	lowers(static)
cedargo/internal/eval	func	newOffsetEval	3	-	-	-	-	lowers(static)
cedargo/internal/eval	method	offsetEval.Eval	15	-	fmt.Errorf	-	-	lowers(static)
cedargo/internal/eval	func	newDurationSinceEval	3	-	-	-	-	lowers(static)
cedargo/internal/eval	method	durationSinceEval.Eval	15	-	fmt.Errorf	-	-	lowers(static)
cedargo/internal/eval	func	foldPolicy	14	slices.Clone	-	-	-	refused(static)
cedargo/internal/eval	func	tryFold	27	-	-	-	-	lowers(static)
cedargo/internal/eval	func	tryFoldBinary	10	-	-	-	-	lowers(static)
cedargo/internal/eval	func	tryFoldUnary	6	-	-	-	-	lowers(static)
cedargo/internal/eval	func	fold	192	-	fmt.Errorf,fmt.Sprintf	-	-	lowers(static)
cedargo/internal/eval	func	Variable	3	-	-	-	-	lowers(static)
cedargo/internal/eval	func	Ignore	3	-	-	-	-	lowers(static)
cedargo/internal/eval	func	IsVariable	6	-	-	-	-	lowers(static)
cedargo/internal/eval	func	ToVariable	6	-	-	-	-	lowers(static)
cedargo/internal/eval	func	IsIgnore	6	-	-	-	-	lowers(static)
cedargo/internal/eval	func	PartialPolicy	41	errors.Is,slices.Clone	fmt.Errorf	-	-	refused(static)
cedargo/internal/eval	func	partialPrincipalScope	11	-	-	-	-	lowers(static)
cedargo/internal/eval	func	partialActionScope	11	-	-	-	-	lowers(static)
cedargo/internal/eval	func	partialResourceScope	11	-	-	-	-	lowers(static)
cedargo/internal/eval	func	partialScopeEval	29	-	-	-	-	lowers(static)
cedargo/internal/eval	func	tryPartial	39	errors.Is	-	-	-	refused(static)
cedargo/internal/eval	func	tryPartialBinary	6	-	-	-	-	lowers(static)
cedargo/internal/eval	func	tryPartialUnary	6	-	-	-	-	lowers(static)
cedargo/internal/eval	func	partial	178	-	fmt.Sprintf	-	-	lowers(static)
cedargo/internal/eval	func	isNonBoolValue	8	-	-	-	-	lowers(static)
cedargo/internal/eval	func	isTrue	11	-	-	-	-	lowers(static)
cedargo/internal/eval	func	isFalse	11	-	-	-	-	lowers(static)
cedargo/internal/eval	func	partialIfThenElse	27	errors.Is	fmt.Errorf	-	-	refused(static)
cedargo/internal/eval	func	partialAnd	25	errors.Is	fmt.Errorf	-	-	refused(static)
cedargo/internal/eval	func	partialOr	25	errors.Is	fmt.Errorf	-	-	refused(static)
cedargo/internal/eval	func	extError	3	-	-	-	-	lowers(static)
cedargo/internal/eval	func	PartialError	3	-	-	-	-	lowers(static)
cedargo/internal/eval	func	ToPartialError	22	-	errors.New	-	-	lowers(static)
cedargo/internal/eval	func	newPartialHasEval	3	-	-	-	-	lowers(static)
cedargo/internal/eval	method	partialHasEval.Eval	22	-	fmt.Errorf	-	-	lowers(static)
cedargo/internal/eval	func	newPartialErrorEval	5	-	-	-	-	lowers(static)
cedargo/internal/eval	method	partialErrorEval.Eval	7	-	errors.New	-	-	lowers(static)
cedargo/internal/eval	func	TypeName	24	-	fmt.Sprintf	-	-	lowers(static)
cedargo/internal/eval	func	ValueToBool	7	-	fmt.Errorf	-	-	lowers(static)
cedargo/internal/eval	func	ValueToLong	7	-	fmt.Errorf	-	-	lowers(static)
cedargo/internal/eval	func	ValueToString	7	-	fmt.Errorf	-	-	lowers(static)
cedargo/internal/eval	func	ValueToSet	7	-	fmt.Errorf	-	-	lowers(static)
cedargo/internal/eval	func	ValueToRecord	7	-	fmt.Errorf	-	-	lowers(static)
cedargo/internal/eval	func	ValueToEntity	7	-	fmt.Errorf	-	-	lowers(static)
cedargo/internal/eval	func	ValueToDatetime	7	-	fmt.Errorf	-	-	lowers(static)
cedargo/internal/eval	func	ValueToDecimal	7	-	fmt.Errorf	-	-	lowers(static)
cedargo/internal/eval	func	ValueToDuration	7	-	fmt.Errorf	-	-	lowers(static)
cedargo/internal/eval	func	ValueToIP	7	-	fmt.Errorf	-	-	lowers(static)
cedargo/internal/extensions	func	init	3	-	-	-	-	lowers(static)
cedargo/internal/json	method	valueJSON.MarshalJSON	3	encoding/json.Marshal	-	-	-	refused(static)
cedargo/internal/json	method	valueJSON.UnmarshalJSON	3	-	-	-	-	lowers(static)
cedargo/internal/json	method	scopeJSON.FromNode	36	-	-	-	-	lowers(static)
cedargo/internal/json	func	unaryToJSON	5	-	-	-	-	lowers(static)
cedargo/internal/json	func	binaryToJSON	6	-	-	-	-	lowers(static)
cedargo/internal/json	func	arrayToJSON	9	-	-	-	-	lowers(static)
cedargo/internal/json	func	extToJSON	11	-	-	-	-	lowers(static)
cedargo/internal/json	func	extCallToJSON	5	-	-	-	-	lowers(static)
cedargo/internal/json	func	strToJSON	6	-	-	-	-	lowers(static)
cedargo/internal/json	func	likeToJSON	6	-	-	-	-	lowers(static)
cedargo/internal/json	func	recordToJSON	9	-	-	-	-	lowers(static)
cedargo/internal/json	func	ifToJSON	7	-	-	-	-	lowers(static)
cedargo/internal/json	func	isToJSON	6	-	-	-	-	lowers(static)
cedargo/internal/json	func	isInToJSON	8	-	-	-	-	lowers(static)
cedargo/internal/json	method	nodeJSON.FromNode	148	-	fmt.Sprintf	-	-	lowers(static)
cedargo/internal/json	method	nodeJSON.MarshalJSON	8	encoding/json.Marshal	-	-	-	refused(static)
cedargo/internal/json	func	wrapPolicy	3	-	-	-	-	lowers(static)
cedargo/internal/json	method	Policy.unwrap	3	-	-	-	-	lowers(static)
cedargo/internal/json	method	Policy.MarshalJSON	26	encoding/json.Marshal	-	-	-	refused(static)
cedargo/internal/json	method	scopeJSON.ToPrincipalResourceNode	22	-	fmt.Errorf	-	-	lowers(static)
cedargo/internal/json	method	scopeJSON.ToActionNode	21	-	fmt.Errorf	-	-	lowers(static)
cedargo/internal/json	method	binaryJSON.ToNode	11	-	fmt.Errorf	-	-	lowers(static)
cedargo/internal/json	method	unaryJSON.ToNode	7	-	fmt.Errorf	-	-	lowers(static)
cedargo/internal/json	method	strJSON.ToNode	7	-	fmt.Errorf	-	-	lowers(static)
cedargo/internal/json	method	likeJSON.ToNode	8	-	fmt.Errorf	-	-	lowers(static)
cedargo/internal/json	method	isJSON.ToNode	14	-	fmt.Errorf	-	-	lowers(static)
cedargo/internal/json	method	ifThenElseJSON.ToNode	15	-	fmt.Errorf	-	-	lowers(static)
cedargo/internal/json	method	arrayJSON.ToNode	11	-	fmt.Errorf	-	-	lowers(static)
cedargo/internal/json	method	recordJSON.ToNode	11	-	fmt.Errorf	-	-	lowers(static)
cedargo/internal/json	method	extensionJSON.ToNode	23	-	fmt.Errorf	-	-	lowers(static)
cedargo/internal/json	method	nodeJSON.ToNode	98	-	fmt.Errorf	-	-	lowers(static)
cedargo/internal/json	method	nodeJSON.UnmarshalJSON	18	bytes.NewReader,encoding/json.Decoder.Decode,encoding/json.Decoder.DisallowUnknownFields,encoding/json.NewDecoder,encoding/json.Unmarshal,strings.HasPrefix	-	-	encoding/json.Decoder	refused(static)
cedargo/internal/json	method	Policy.UnmarshalJSON	46	encoding/json.Unmarshal	fmt.Errorf	-	-	refused(static)
cedargo/internal/mapset	func	Immutable	3	-	-	-	-	lowers(static)
cedargo/internal/mapset	method	ImmutableMapSet.Contains	3	-	-	-	-	lowers(static)
cedargo/internal/mapset	method	ImmutableMapSet.Intersects	3	-	-	-	-	lowers(static)
cedargo/internal/mapset	method	ImmutableMapSet.Iterate	3	-	-	-	-	lowers(static)
cedargo/internal/mapset	method	ImmutableMapSet.All	3	-	-	imported-generic-inst:iter.Seq,sig:imported-generic-inst:iter.Seq	-	refused(static)
cedargo/internal/mapset	method	ImmutableMapSet.Slice	3	-	-	-	-	lowers(static)
cedargo/internal/mapset	method	ImmutableMapSet.Len	3	-	-	-	-	lowers(static)
cedargo/internal/mapset	method	ImmutableMapSet.Equal	3	-	-	-	-	lowers(static)
cedargo/internal/mapset	method	ImmutableMapSet.MarshalJSON	3	-	-	-	-	lowers(static)
cedargo/internal/mapset	method	ImmutableMapSet.UnmarshalJSON	9	encoding/json.Unmarshal	-	-	-	refused(static)
cedargo/internal/mapset	func	Make	12	-	fmt.Sprintf	-	-	lowers(static)
cedargo/internal/mapset	func	FromItems	7	-	-	-	-	lowers(static)
cedargo/internal/mapset	method	MapSet.Add	11	-	-	-	-	lowers(static)
cedargo/internal/mapset	method	MapSet.Remove	5	-	-	-	-	lowers(static)
cedargo/internal/mapset	method	MapSet.Contains	4	-	-	-	-	lowers(static)
cedargo/internal/mapset	method	MapSet.Intersects	8	-	-	-	-	lowers(static)
cedargo/internal/mapset	method	MapSet.Iterate	7	-	-	-	-	lowers(static)
cedargo/internal/mapset	method	MapSet.All	9	-	-	sig:imported-generic-inst:iter.Seq	-	refused(static)
cedargo/internal/mapset	method	MapSet.Slice	6	maps.Keys,slices.Collect	-	-	-	refused(static)
cedargo/internal/mapset	method	MapSet.Len	3	-	-	-	-	lowers(static)
cedargo/internal/mapset	method	MapSet.Equal	12	-	-	-	-	lowers(static)
cedargo/internal/mapset	method	MapSet.MarshalJSON	17	bytes.Join,encoding/json.Marshal,slices.Compare,slices.Concat	slices.SortFunc	-	-	refused(static)
cedargo/internal/mapset	method	MapSet.UnmarshalJSON	9	encoding/json.Unmarshal	-	-	-	refused(static)
cedargo/internal/parser	func	MarshalExpr	5	-	bytes.Buffer.String	-	bytes.Buffer	lowers(static)
cedargo/internal/parser	method	Policy.MarshalCedar	16	bytes.Buffer.WriteRune	-	-	bytes.Buffer	refused(static)
cedargo/internal/parser	func	NewEncoder	3	-	-	-	io.Writer	lowers(static)
cedargo/internal/parser	method	Encoder.Encode	13	bytes.Buffer.Bytes,io.Writer.Write	bytes.Buffer.WriteByte	-	bytes.Buffer,io.Writer	refused(static)
cedargo/internal/parser	func	scopeToNode	21	-	-	-	-	lowers(static)
cedargo/internal/parser	method	Policy.marshalScope	29	-	bytes.Buffer.WriteString	-	bytes.Buffer	lowers(static)
cedargo/internal/parser	func	marshalAnnotation	7	bytes.Buffer.WriteRune	bytes.Buffer.Write,bytes.Buffer.WriteString	-	bytes.Buffer	refused(static)
cedargo/internal/parser	func	marshalEffect	7	-	bytes.Buffer.WriteString	-	bytes.Buffer	lowers(static)
cedargo/internal/parser	method	NodeTypeVariable.marshalCedar	3	-	bytes.Buffer.WriteString	-	bytes.Buffer	lowers(static)
cedargo/internal/parser	func	marshalCondition	11	-	bytes.Buffer.WriteString	-	bytes.Buffer	lowers(static)
cedargo/internal/parser	method	NodeValue.marshalCedar	3	-	bytes.Buffer.Write	-	bytes.Buffer	lowers(static)
cedargo/internal/parser	func	marshalChildNode	10	bytes.Buffer.WriteRune	-	-	bytes.Buffer	refused(static)
cedargo/internal/parser	method	NodeTypeNot.marshalCedar	4	bytes.Buffer.WriteRune	-	-	bytes.Buffer	refused(static)
cedargo/internal/parser	method	NodeTypeNegate.marshalCedar	4	bytes.Buffer.WriteRune	-	-	bytes.Buffer	refused(static)
cedargo/internal/parser	func	canMarshalAsIdent	11	-	-	-	-	lowers(static)
cedargo/internal/parser	method	NodeTypeAccess.marshalCedar	12	bytes.Buffer.WriteRune	bytes.Buffer.Write,bytes.Buffer.WriteString	-	bytes.Buffer	refused(static)
cedargo/internal/parser	method	NodeTypeExtensionCall.marshalCedar	20	bytes.Buffer.WriteRune	bytes.Buffer.WriteString	-	bytes.Buffer	refused(static)
cedargo/internal/parser	method	NodeTypeContains.marshalCedar	6	bytes.Buffer.WriteRune	bytes.Buffer.WriteString	-	bytes.Buffer	refused(static)
cedargo/internal/parser	method	NodeTypeContainsAll.marshalCedar	6	bytes.Buffer.WriteRune	bytes.Buffer.WriteString	-	bytes.Buffer	refused(static)
cedargo/internal/parser	method	NodeTypeContainsAny.marshalCedar	6	bytes.Buffer.WriteRune	bytes.Buffer.WriteString	-	bytes.Buffer	refused(static)
cedargo/internal/parser	method	NodeTypeIsEmpty.marshalCedar	4	-	bytes.Buffer.WriteString	-	bytes.Buffer	lowers(static)
cedargo/internal/parser	method	NodeTypeGetTag.marshalCedar	6	bytes.Buffer.WriteRune	bytes.Buffer.WriteString	-	bytes.Buffer	refused(static)
cedargo/internal/parser	method	NodeTypeHasTag.marshalCedar	6	bytes.Buffer.WriteRune	bytes.Buffer.WriteString	-	bytes.Buffer	refused(static)
cedargo/internal/parser	method	NodeTypeSet.marshalCedar	10	bytes.Buffer.WriteRune	bytes.Buffer.WriteString	-	bytes.Buffer	refused(static)
cedargo/internal/parser	method	NodeTypeRecord.marshalCedar	12	bytes.Buffer.WriteRune	bytes.Buffer.Write,bytes.Buffer.WriteString	-	bytes.Buffer	refused(static)
cedargo/internal/parser	func	marshalInfixBinaryOp	7	bytes.Buffer.WriteRune	bytes.Buffer.WriteString	-	bytes.Buffer	refused(static)
cedargo/internal/parser	method	NodeTypeMult.marshalCedar	4	-	-	-	bytes.Buffer	lowers(static)
cedargo/internal/parser	method	NodeTypeAdd.marshalCedar	4	-	-	-	bytes.Buffer	lowers(static)
cedargo/internal/parser	method	NodeTypeSub.marshalCedar	4	-	-	-	bytes.Buffer	lowers(static)
cedargo/internal/parser	method	NodeTypeLessThan.marshalCedar	4	-	-	-	bytes.Buffer	lowers(static)
cedargo/internal/parser	method	NodeTypeLessThanOrEqual.marshalCedar	4	-	-	-	bytes.Buffer	lowers(static)
cedargo/internal/parser	method	NodeTypeGreaterThan.marshalCedar	4	-	-	-	bytes.Buffer	lowers(static)
cedargo/internal/parser	method	NodeTypeGreaterThanOrEqual.marshalCedar	4	-	-	-	bytes.Buffer	lowers(static)
cedargo/internal/parser	method	NodeTypeEquals.marshalCedar	4	-	-	-	bytes.Buffer	lowers(static)
cedargo/internal/parser	method	NodeTypeNotEquals.marshalCedar	4	-	-	-	bytes.Buffer	lowers(static)
cedargo/internal/parser	method	NodeTypeIn.marshalCedar	4	-	-	-	bytes.Buffer	lowers(static)
cedargo/internal/parser	method	NodeTypeAnd.marshalCedar	4	-	-	-	bytes.Buffer	lowers(static)
cedargo/internal/parser	method	NodeTypeOr.marshalCedar	4	-	-	-	bytes.Buffer	lowers(static)
cedargo/internal/parser	method	NodeTypeHas.marshalCedar	9	-	bytes.Buffer.Write,bytes.Buffer.WriteString	-	bytes.Buffer	lowers(static)
cedargo/internal/parser	method	NodeTypeIs.marshalCedar	5	-	bytes.Buffer.WriteString	-	bytes.Buffer	lowers(static)
cedargo/internal/parser	method	NodeTypeIsIn.marshalCedar	7	-	bytes.Buffer.WriteString	-	bytes.Buffer	lowers(static)
cedargo/internal/parser	method	NodeTypeLike.marshalCedar	5	-	bytes.Buffer.Write,bytes.Buffer.WriteString	-	bytes.Buffer	lowers(static)
cedargo/internal/parser	method	NodeTypeIf.marshalCedar	8	-	bytes.Buffer.WriteString	-	bytes.Buffer	lowers(static)
cedargo/internal/parser	func	astNodeToMarshalNode	68	-	fmt.Sprintf	-	-	lowers(static)
cedargo/internal/parser	func	IsReservedKeyword	3	slices.Contains	-	-	-	refused(static)
cedargo/internal/parser	method	Token.isEOF	3	-	-	-	-	lowers(static)
cedargo/internal/parser	method	Token.isIdent	3	-	-	-	-	lowers(static)
cedargo/internal/parser	method	Token.isInt	3	-	-	-	-	lowers(static)
cedargo/internal/parser	method	Token.isReservedKeyword	3	-	-	-	-	lowers(static)
cedargo/internal/parser	method	Token.isString	3	-	-	-	-	lowers(static)
cedargo/internal/parser	method	Token.stringValue	8	strings.TrimPrefix,strings.TrimSuffix	-	-	-	refused(static)
cedargo/internal/parser	method	Token.intValue	3	strconv.ParseInt	-	-	-	refused(static)
cedargo/internal/parser	func	Tokenize	3	bytes.NewBuffer	-	-	-	refused(static)
cedargo/internal/parser	func	TokenizeReader	13	-	-	-	io.Reader	lowers(static)
cedargo/internal/parser	method	Position.String	3	-	fmt.Sprintf	-	-	lowers(static)
cedargo/internal/parser	method	scanner.Init	28	-	-	-	io.Reader	lowers(static)
cedargo/internal/parser	method	scanner.next	79	io.Reader.Read,unicode/utf8.DecodeRune,unicode/utf8.FullRune	bytes.Buffer.Write	-	bytes.Buffer,io.Reader	refused(static)
cedargo/internal/parser	method	scanner.error	4	-	fmt.Errorf	-	-	lowers(static)
cedargo/internal/parser	func	isASCIILetter	3	-	-	-	-	lowers(static)
cedargo/internal/parser	func	isASCIINumber	3	-	-	-	-	lowers(static)
cedargo/internal/parser	func	isIdentRune	3	-	-	-	-	lowers(static)
cedargo/internal/parser	method	scanner.scanIdentifier	8	-	-	-	-	lowers(static)
cedargo/internal/parser	method	scanner.scanInteger	6	-	-	-	-	lowers(static)
cedargo/internal/parser	method	scanner.scanHexDigits	11	-	-	-	-	lowers(static)
cedargo/internal/parser	method	scanner.scanEscape	25	-	-	-	-	lowers(static)
cedargo/internal/parser	method	scanner.scanString	16	-	-	-	-	lowers(static)
cedargo/internal/parser	method	scanner.scanComment	27	-	-	-	-	lowers(static)
cedargo/internal/parser	method	scanner.scanOperator	31	-	-	-	-	lowers(static)
cedargo/internal/parser	func	isWhitespace	8	-	-	-	-	lowers(static)
cedargo/internal/parser	method	scanner.nextToken	79	-	bytes.Buffer.Reset	goto(FR-11/20 shapes only)	bytes.Buffer	refused(static)
cedargo/internal/parser	method	scanner.tokenText	17	-	bytes.Buffer.Len,bytes.Buffer.String,bytes.Buffer.Write	-	bytes.Buffer	lowers(static)
cedargo/internal/parser	method	PolicySlice.UnmarshalCedar	20	-	-	-	-	lowers(static)
cedargo/internal/parser	func	NewDecoder	5	-	-	-	io.Reader	lowers(static)
cedargo/internal/parser	method	Decoder.decode	16	-	-	-	io.Reader	lowers(static)
cedargo/internal/parser	method	Decoder.Decode	7	-	-	-	-	lowers(static)
cedargo/internal/parser	method	Policy.UnmarshalCedar	9	-	-	-	-	lowers(static)
cedargo/internal/parser	method	Policy.fromCedar	45	-	-	-	-	lowers(static)
cedargo/internal/parser	func	newParser	3	-	-	-	-	lowers(static)
cedargo/internal/parser	method	parser.advance	7	-	-	-	-	lowers(static)
cedargo/internal/parser	method	parser.peek	3	-	-	-	-	lowers(static)
cedargo/internal/parser	method	parser.exact	7	-	-	-	-	lowers(static)
cedargo/internal/parser	method	parser.skipAtMostOnce	6	-	-	-	-	lowers(static)
cedargo/internal/parser	method	parser.errorf	8	-	fmt.Errorf	-	-	lowers(static)
cedargo/internal/parser	method	parser.annotations	13	-	-	-	-	lowers(static)
cedargo/internal/parser	method	parser.annotation	36	-	-	-	-	lowers(static)
cedargo/internal/parser	method	parser.effect	11	-	-	-	-	lowers(static)
cedargo/internal/parser	method	parser.principal	43	-	-	-	-	lowers(static)
cedargo/internal/parser	method	parser.entity	8	-	-	-	-	lowers(static)
cedargo/internal/parser	method	parser.entityFirstPathPreread	23	-	-	-	-	lowers(static)
cedargo/internal/parser	method	parser.pathFirstPathPreread	16	-	fmt.Sprintf	-	-	lowers(static)
cedargo/internal/parser	method	parser.path	7	-	-	-	-	lowers(static)
cedargo/internal/parser	method	parser.action	36	-	-	-	-	lowers(static)
cedargo/internal/parser	method	parser.entlist	19	-	-	-	-	lowers(static)
cedargo/internal/parser	method	parser.resource	43	-	-	-	-	lowers(static)
cedargo/internal/parser	method	parser.conditions	22	-	-	-	-	lowers(static)
cedargo/internal/parser	method	parser.condition	14	-	-	-	-	lowers(static)
cedargo/internal/parser	method	parser.expression	31	-	-	-	-	lowers(static)
cedargo/internal/parser	method	parser.or	17	-	-	-	-	lowers(static)
cedargo/internal/parser	method	parser.and	17	-	-	-	-	lowers(static)
cedargo/internal/parser	method	parser.relation	49	-	-	-	-	lowers(static)
cedargo/internal/parser	method	parser.has	31	-	-	-	-	lowers(static)
cedargo/internal/parser	method	parser.like	14	strings.TrimPrefix,strings.TrimSuffix	-	-	-	refused(static)
cedargo/internal/parser	method	parser.is	15	-	-	-	-	lowers(static)
cedargo/internal/parser	method	parser.add	30	-	-	-	-	lowers(static)
cedargo/internal/parser	method	parser.mult	17	-	-	-	-	lowers(static)
cedargo/internal/parser	method	parser.unary	40	strconv.ParseInt	-	-	-	refused(static)
cedargo/internal/parser	method	parser.member	17	-	-	-	-	lowers(static)
cedargo/internal/parser	method	parser.primary	66	-	-	-	-	lowers(static)
cedargo/internal/parser	method	parser.entityOrExtFun	40	-	-	-	-	lowers(static)
cedargo/internal/parser	method	parser.expressions	19	-	-	-	-	lowers(static)
cedargo/internal/parser	method	parser.record	30	-	-	-	-	lowers(static)
cedargo/internal/parser	method	parser.recordEntry	26	-	-	-	-	lowers(static)
cedargo/internal/parser	method	parser.parseZeroArgMethodCall	6	-	-	-	-	lowers(static)
cedargo/internal/parser	method	parser.parseOneArgMethodCall	6	-	-	-	-	lowers(static)
cedargo/internal/parser	method	parser.access	71	-	-	-	-	lowers(static)
cedargo/internal/parser	method	NodeTypeIf.precedenceLevel	3	-	-	-	-	lowers(static)
cedargo/internal/parser	method	NodeTypeOr.precedenceLevel	3	-	-	-	-	lowers(static)
cedargo/internal/parser	method	NodeTypeAnd.precedenceLevel	3	-	-	-	-	lowers(static)
cedargo/internal/parser	method	relationPrecedenceNode.precedenceLevel	3	-	-	-	-	lowers(static)
cedargo/internal/parser	method	addPrecedenceNode.precedenceLevel	3	-	-	-	-	lowers(static)
cedargo/internal/parser	method	NodeTypeMult.precedenceLevel	3	-	-	-	-	lowers(static)
cedargo/internal/parser	method	UnaryNode.precedenceLevel	3	-	-	-	-	lowers(static)
cedargo/internal/parser	method	accessPrecedenceNode.precedenceLevel	3	-	-	-	-	lowers(static)
cedargo/internal/parser	method	primaryPrecedenceNode.precedenceLevel	3	-	-	-	-	lowers(static)
cedargo/internal/parser	func	ParsePattern	21	-	-	-	-	lowers(static)
cedargo/internal/rust	func	isGraphemeExtended	6	unicode.Is	-	-	unicode.RangeTable	refused(static)
cedargo/internal/rust	func	isPrintable	43	-	-	-	-	lowers(static)
cedargo/internal/rust	func	check	39	-	-	-	-	lowers(static)
cedargo/internal/rust	func	nextRune	7	unicode/utf8.DecodeRune	fmt.Errorf	-	-	refused(static)
cedargo/internal/rust	func	parseHexEscape	24	-	fmt.Errorf	-	-	lowers(static)
cedargo/internal/rust	func	parseUnicodeEscape	35	unicode/utf8.ValidRune	fmt.Errorf	-	-	refused(static)
cedargo/internal/rust	func	unquote	6	strings.TrimPrefix,strings.TrimSuffix	-	-	-	refused(static)
cedargo/internal/rust	func	Unquote	60	strings.Builder.WriteRune	fmt.Errorf,strings.Builder.String	-	strings.Builder	refused(static)
cedargo/internal/rust	func	IsHexadecimal	3	-	-	-	-	lowers(static)
cedargo/internal/rust	func	lower	1	-	-	-	-	lowers(static)
cedargo/internal/rust	func	IsDecimal	1	-	-	-	-	lowers(static)
cedargo/internal/rust	func	digitVal	9	-	-	-	-	lowers(static)
cedargo/internal/rust	func	escapeRune	26	-	fmt.Sprintf	-	-	lowers(static)
cedargo/internal/rust	func	EscapeString	9	-	-	-	-	lowers(static)
cedargo/internal/rust	func	EscapeCharAll	7	-	-	-	-	lowers(static)
cedargo/types	method	Request.Equal	6	-	-	-	-	lowers(static)
cedargo/types	method	Decision.String	6	-	-	-	-	lowers(static)
cedargo/types	method	Decision.MarshalJSON	1	-	-	-	-	lowers(static)
cedargo/types	method	Decision.UnmarshalJSON	4	-	-	-	-	lowers(static)
cedargo/types	method	DiagnosticError.String	3	-	fmt.Sprintf	-	-	lowers(static)
cedargo/types	method	Boolean.Equal	4	-	-	-	-	lowers(static)
cedargo/types	method	Boolean.String	1	-	-	-	-	lowers(static)
cedargo/types	method	Boolean.MarshalCedar	6	-	-	-	-	lowers(static)
cedargo/types	method	Boolean.hash	6	-	-	-	-	lowers(static)
cedargo/types	func	NewDatetime	3	time.Time.UnixMilli	-	-	time.Time	refused(static)
cedargo/types	func	NewDatetimeFromMillis	3	-	-	-	-	lowers(static)
cedargo/types	func	expectChar	8	-	fmt.Errorf	-	-	lowers(static)
cedargo/types	func	parseUint	12	-	fmt.Errorf,strconv.ParseUint	-	-	lowers(static)
cedargo/types	func	checkValidDay	11	time.Date,time.Time.Date	fmt.Errorf	-	time.Location,time.Month,time.Time	refused(static)
cedargo/types	func	ParseDatetime	137	time.Date,time.Time.Add,time.Time.After,time.Time.Before,time.Time.UnixMilli,unicode.IsDigit	fmt.Errorf	-	time.Duration,time.Location,time.Month,time.Time	refused(static)
cedargo/types	method	Datetime.Equal	4	-	-	-	-	lowers(static)
cedargo/types	method	Datetime.LessThan	7	-	-	-	-	lowers(static)
cedargo/types	method	Datetime.LessThanOrEqual	7	-	-	-	-	lowers(static)
cedargo/types	method	Datetime.MarshalCedar	3	-	-	-	-	lowers(static)
cedargo/types	method	Datetime.String	20	time.Time.Day,time.Time.Format,time.Time.Hour,time.Time.Minute,time.Time.Month,time.Time.Nanosecond,time.Time.Second,time.Time.UTC,time.Time.Year,time.UnixMilli	fmt.Sprintf	-	time.Month,time.Time	refused(static)
cedargo/types	method	Datetime.UnmarshalJSON	9	-	-	-	-	lowers(static)
cedargo/types	method	Datetime.MarshalJSON	8	encoding/json.Marshal	-	-	-	refused(static)
cedargo/types	method	Datetime.Milliseconds	3	-	-	-	-	lowers(static)
cedargo/types	method	Datetime.Time	3	time.Time.UTC,time.UnixMilli	-	-	time.Time	refused(static)
cedargo/types	method	Datetime.hash	3	-	-	-	-	lowers(static)
cedargo/types	func	newDecimal	9	-	fmt.Errorf	-	-	lowers(static)
cedargo/types	func	NewDecimal	21	math.Pow10	fmt.Errorf	-	-	refused(static)
cedargo/types	func	NewDecimalFromInt	3	-	-	-	-	lowers(static)
cedargo/types	func	NewDecimalFromFloat	10	-	fmt.Errorf	-	-	lowers(static)
cedargo/types	method	Decimal.Compare	3	-	cmp.Compare	-	-	lowers(static)
cedargo/types	func	ParseDecimal	35	errors.Is,math.Pow10,strconv.ParseInt,strings.Index	fmt.Errorf,strconv.ParseUint	-	-	refused(static)
cedargo/types	method	Decimal.Equal	4	-	-	-	-	lowers(static)
cedargo/types	method	Decimal.MarshalCedar	1	-	-	-	-	lowers(static)
cedargo/types	method	Decimal.String	20	-	fmt.Sprintf	-	-	lowers(static)
cedargo/types	method	Decimal.UnmarshalJSON	9	-	-	-	-	lowers(static)
cedargo/types	method	Decimal.MarshalJSON	8	encoding/json.Marshal	-	-	-	refused(static)
cedargo/types	method	Decimal.Float	3	-	-	-	-	lowers(static)
cedargo/types	method	Decimal.hash	3	-	-	-	-	lowers(static)
cedargo/types	func	NewDuration	3	time.Duration.Milliseconds	-	-	time.Duration	refused(static)
cedargo/types	func	NewDurationFromMillis	3	-	-	-	-	lowers(static)
cedargo/types	func	ParseDuration	86	strconv.QuoteRune,unicode.IsDigit	fmt.Errorf	-	-	refused(static)
cedargo/types	method	Duration.Equal	4	-	-	-	-	lowers(static)
cedargo/types	method	Duration.LessThan	7	-	-	-	-	lowers(static)
cedargo/types	method	Duration.LessThanOrEqual	7	-	-	-	-	lowers(static)
cedargo/types	method	Duration.MarshalCedar	1	-	-	-	-	lowers(static)
cedargo/types	method	Duration.String	47	-	bytes.Buffer.String,bytes.Buffer.WriteByte,bytes.Buffer.WriteString,strconv.FormatInt	-	bytes.Buffer	lowers(static)
cedargo/types	method	Duration.UnmarshalJSON	9	-	-	-	-	lowers(static)
cedargo/types	method	Duration.MarshalJSON	8	encoding/json.Marshal	-	-	-	refused(static)
cedargo/types	method	Duration.ToDays	3	-	-	-	-	lowers(static)
cedargo/types	method	Duration.ToHours	3	-	-	-	-	lowers(static)
cedargo/types	method	Duration.ToMinutes	3	-	-	-	-	lowers(static)
cedargo/types	method	Duration.ToSeconds	3	-	-	-	-	lowers(static)
cedargo/types	method	Duration.ToMilliseconds	3	-	-	-	-	lowers(static)
cedargo/types	method	Duration.Duration	9	-	-	-	time.Duration	lowers(static)
cedargo/types	method	Duration.hash	3	-	-	-	-	lowers(static)
cedargo/types	method	Entity.MarshalJSON	26	encoding/json.Marshal,strings.Compare	slices.SortFunc	FR-12:range-over-func,FR-13:anon-struct-literal,FR-13:anon-struct-type,imported-generic-inst:iter.Seq	-	refused(static)
cedargo/types	method	Entity.Equal	6	-	-	-	-	lowers(static)
cedargo/types	method	EntityMap.MarshalJSON	7	encoding/json.Marshal,maps.Values,slices.Collect,strings.Compare	slices.SortFunc	-	-	refused(static)
cedargo/types	method	EntityMap.UnmarshalJSON	12	encoding/json.Unmarshal	-	-	-	refused(static)
cedargo/types	method	EntityMap.Clone	3	maps.Clone	-	-	-	refused(static)
cedargo/types	method	EntityMap.Get	4	-	-	-	-	lowers(static)
cedargo/types	func	NewEntityUID	6	-	-	-	-	lowers(static)
cedargo/types	method	EntityUID.IsZero	3	-	-	-	-	lowers(static)
cedargo/types	method	EntityUID.Equal	4	-	-	-	-	lowers(static)
cedargo/types	method	EntityUID.String	3	-	-	-	-	lowers(static)
cedargo/types	method	EntityUID.MarshalCedar	3	-	-	-	-	lowers(static)
cedargo/types	method	EntityUID.UnmarshalCedar	27	strings.Index	-	-	-	refused(static)
cedargo/types	method	EntityUID.UnmarshalJSON	16	encoding/json.Unmarshal	-	-	-	refused(static)
cedargo/types	method	EntityUID.MarshalJSON	8	encoding/json.Marshal	-	-	-	refused(static)
cedargo/types	method	EntityUID.MarshalBinary	3	-	-	-	-	lowers(static)
cedargo/types	method	EntityUID.UnmarshalBinary	3	-	-	-	-	lowers(static)
cedargo/types	method	EntityUID.hash	6	hash.Hash64.Sum64,hash.Hash64.Write,hash/fnv.New64	-	-	hash.Hash64	refused(static)
cedargo/types	method	ImplicitlyMarshaledEntityUID.MarshalJSON	7	encoding/json.Marshal	-	FR-13:anon-struct-literal,FR-13:anon-struct-type	-	refused(static)
cedargo/types	func	NewEntityUIDSet	3	-	-	-	-	lowers(static)
cedargo/types	func	ParseIPAddr	14	net/netip.Addr.BitLen,net/netip.Addr.Zone,net/netip.ParseAddr,net/netip.ParsePrefix,net/netip.PrefixFrom,strings.Count	fmt.Errorf	-	net/netip.Addr,net/netip.Prefix	refused(static)
cedargo/types	method	IPAddr.Equal	4	-	-	-	-	lowers(static)
cedargo/types	method	IPAddr.MarshalCedar	1	-	-	-	-	lowers(static)
cedargo/types	method	IPAddr.String	6	net/netip.Addr.BitLen,net/netip.Addr.String,net/netip.Prefix.Bits,net/netip.Prefix.String	-	-	net/netip.Addr,net/netip.Prefix	refused(static)
cedargo/types	method	IPAddr.Prefix	3	-	-	-	net/netip.Prefix	lowers(static)
cedargo/types	method	IPAddr.IsIPv4	3	net/netip.Addr.Is4	-	-	net/netip.Addr	refused(static)
cedargo/types	method	IPAddr.IsIPv6	3	net/netip.Addr.Is6	-	-	net/netip.Addr	refused(static)
cedargo/types	method	IPAddr.IsLoopback	23	net/netip.Addr.Is4In6,net/netip.Addr.IsLoopback,net/netip.Prefix.Addr,net/netip.Prefix.Masked	-	-	net/netip.Addr,net/netip.Prefix	refused(static)
cedargo/types	method	IPAddr.Addr	3	net/netip.Prefix.Addr	-	-	net/netip.Addr,net/netip.Prefix	refused(static)
cedargo/types	method	IPAddr.IsMulticast	30	net/netip.Addr.Is4In6,net/netip.Addr.IsMulticast,net/netip.Prefix.Bits	-	-	net/netip.Addr,net/netip.Prefix	refused(static)
cedargo/types	method	IPAddr.Contains	3	net/netip.Prefix.Bits,net/netip.Prefix.Contains	-	-	net/netip.Addr,net/netip.Prefix	refused(static)
cedargo/types	method	IPAddr.UnmarshalJSON	9	-	-	-	-	lowers(static)
cedargo/types	method	IPAddr.MarshalJSON	16	encoding/json.Marshal,net/netip.Addr.BitLen,net/netip.Addr.String,net/netip.Prefix.Addr,net/netip.Prefix.Bits	-	-	net/netip.Addr,net/netip.Prefix	refused(static)
cedargo/types	method	IPAddr.hash	7	hash.Hash64.Sum64,hash.Hash64.Write,hash/fnv.New64,net/netip.Prefix.MarshalBinary	-	-	hash.Hash64,net/netip.Prefix	refused(static)
cedargo/types	func	UnmarshalJSON	89	bytes.NewBuffer,encoding/json.Decoder.Decode,encoding/json.Decoder.UseNumber,encoding/json.NewDecoder,encoding/json.Number.Int64,encoding/json.Unmarshal	fmt.Errorf	-	encoding/json.Decoder,encoding/json.Number	refused(static)
cedargo/types	func	unmarshalExtensionValue	42	encoding/json.Unmarshal,errors.Join	-	-	-	refused(static)
cedargo/types	method	Long.Equal	4	-	-	-	-	lowers(static)
cedargo/types	method	Long.LessThan	7	-	-	-	-	lowers(static)
cedargo/types	method	Long.LessThanOrEqual	7	-	-	-	-	lowers(static)
cedargo/types	method	Long.String	1	-	fmt.Sprint	-	-	lowers(static)
cedargo/types	method	Long.MarshalCedar	3	-	-	-	-	lowers(static)
cedargo/types	method	Long.hash	3	-	-	-	-	lowers(static)
cedargo/types	func	NewPattern	24	-	fmt.Sprintf	-	-	lowers(static)
cedargo/types	method	Pattern.MarshalCedar	18	bytes.Buffer.Bytes,bytes.Buffer.WriteRune,strings.ReplaceAll	bytes.Buffer.WriteString	-	bytes.Buffer	refused(static)
cedargo/types	method	Pattern.Match	34	-	-	-	-	lowers(static)
cedargo/types	func	matchChunk	13	-	-	-	-	lowers(static)
cedargo/types	method	Pattern.MarshalJSON	25	bytes.Buffer.Bytes,bytes.Buffer.WriteRune,encoding/json.Marshal	bytes.Buffer.Write,bytes.Buffer.WriteByte,bytes.Buffer.WriteString	-	bytes.Buffer	refused(static)
cedargo/types	method	Pattern.UnmarshalJSON	43	bytes.NewReader,encoding/json.Decoder.Decode,encoding/json.NewDecoder	fmt.Errorf	-	encoding/json.Decoder	refused(static)
cedargo/types	func	NewRecord	22	encoding/binary.Write,hash.Hash64.Sum64,hash.Hash64.Write,hash/fnv.New64,maps.Clone,maps.Keys,slices.Collect	slices.Sort	-	encoding/binary.littleEndian,hash.Hash64	refused(static)
cedargo/types	method	Record.Len	3	-	-	-	-	lowers(static)
cedargo/types	method	Record.Iterate	7	-	-	-	-	lowers(static)
cedargo/types	method	Record.All	9	-	-	sig:imported-generic-inst:iter.Seq2	-	refused(static)
cedargo/types	method	Record.Keys	9	-	-	sig:imported-generic-inst:iter.Seq	-	refused(static)
cedargo/types	method	Record.Values	9	-	-	sig:imported-generic-inst:iter.Seq	-	refused(static)
cedargo/types	method	Record.Get	4	-	-	-	-	lowers(static)
cedargo/types	method	Record.Map	6	maps.Clone	-	-	-	refused(static)
cedargo/types	method	Record.Equal	13	-	-	-	-	lowers(static)
cedargo/types	method	Record.UnmarshalJSON	17	encoding/json.Unmarshal	-	-	-	refused(static)
cedargo/types	method	Record.MarshalJSON	22	bytes.Buffer.Bytes,encoding/json.Marshal,maps.Keys,slices.Collect	bytes.Buffer.Write,bytes.Buffer.WriteByte,slices.Sort	-	bytes.Buffer	refused(static)
cedargo/types	method	Record.String	1	-	-	-	-	lowers(static)
cedargo/types	method	Record.MarshalCedar	19	bytes.Buffer.Bytes,bytes.Buffer.WriteRune,maps.Keys,slices.Collect,strconv.Quote	bytes.Buffer.Write,bytes.Buffer.WriteString,slices.Sort	-	bytes.Buffer	refused(static)
cedargo/types	method	Record.hash	3	-	-	-	-	lowers(static)
cedargo/types	func	NewSet	32	maps.Values	-	FR-12:range-over-func	-	refused(static)
cedargo/types	method	Set.Len	3	-	-	-	-	lowers(static)
cedargo/types	method	Set.Iterate	7	-	-	-	-	lowers(static)
cedargo/types	method	Set.All	9	-	-	sig:imported-generic-inst:iter.Seq	-	refused(static)
cedargo/types	method	Set.Contains	13	-	-	-	-	lowers(static)
cedargo/types	method	Set.Slice	6	maps.Values,slices.Collect	-	-	-	refused(static)
cedargo/types	method	Set.Equal	17	-	-	-	-	lowers(static)
cedargo/types	method	explicitValue.UnmarshalJSON	3	-	-	-	-	lowers(static)
cedargo/types	method	Set.UnmarshalJSON	15	encoding/json.Unmarshal	-	-	-	refused(static)
cedargo/types	method	Set.MarshalJSON	18	bytes.Buffer.Bytes,encoding/json.Marshal,maps.Keys,slices.Collect	bytes.Buffer.Write,bytes.Buffer.WriteByte,slices.Sort	-	bytes.Buffer	refused(static)
cedargo/types	method	Set.String	1	-	-	-	-	lowers(static)
cedargo/types	method	Set.MarshalCedar	14	bytes.Buffer.Bytes,bytes.Buffer.WriteRune,maps.Keys,slices.Collect	bytes.Buffer.Write,bytes.Buffer.WriteString,slices.Sort	-	bytes.Buffer	refused(static)
cedargo/types	method	Set.hash	3	-	-	-	-	lowers(static)
cedargo/types	method	String.Equal	4	-	-	-	-	lowers(static)
cedargo/types	method	String.String	3	-	-	-	-	lowers(static)
cedargo/types	method	String.MarshalCedar	3	-	fmt.Sprintf	-	-	lowers(static)
cedargo/types	method	String.hash	5	hash.Hash64.Sum64,hash.Hash64.Write,hash/fnv.New64	-	-	hash.Hash64	refused(static)
cedargo/x/exp/ast	func	Annotation	3	-	-	-	-	lowers(static)
cedargo/x/exp/ast	func	addAnnotation	9	-	-	-	-	lowers(static)
cedargo/x/exp/ast	method	Annotations.Annotation	4	-	-	-	-	lowers(static)
cedargo/x/exp/ast	method	Annotations.Permit	3	-	-	-	-	lowers(static)
cedargo/x/exp/ast	method	Annotations.Forbid	3	-	-	-	-	lowers(static)
cedargo/x/exp/ast	method	Policy.Annotate	4	-	-	-	-	lowers(static)
cedargo/x/exp/ast	func	newAnnotation	3	-	-	-	-	lowers(static)
cedargo/x/exp/ast	func	Inspect	3	-	-	-	-	lowers(static)
cedargo/x/exp/ast	func	inspectNode	9	-	-	-	-	lowers(static)
cedargo/x/exp/ast	func	NewNode	3	-	-	-	-	lowers(static)
cedargo/x/exp/ast	method	Node.AsIsNode	3	-	-	-	-	lowers(static)
cedargo/x/exp/ast	method	StrOpNode.inspect	3	-	-	-	-	lowers(static)
cedargo/x/exp/ast	method	BinaryNode.inspect	4	-	-	-	-	lowers(static)
cedargo/x/exp/ast	method	NodeTypeIfThenElse.isNode	1	-	-	-	-	lowers(static)
cedargo/x/exp/ast	method	NodeTypeIfThenElse.inspect	5	-	-	-	-	lowers(static)
cedargo/x/exp/ast	method	NodeTypeOr.isNode	1	-	-	-	-	lowers(static)
cedargo/x/exp/ast	method	NodeTypeAnd.isNode	1	-	-	-	-	lowers(static)
cedargo/x/exp/ast	method	NodeTypeLessThan.isNode	1	-	-	-	-	lowers(static)
cedargo/x/exp/ast	method	NodeTypeLessThanOrEqual.isNode	1	-	-	-	-	lowers(static)
cedargo/x/exp/ast	method	NodeTypeGreaterThan.isNode	1	-	-	-	-	lowers(static)
cedargo/x/exp/ast	method	NodeTypeGreaterThanOrEqual.isNode	1	-	-	-	-	lowers(static)
cedargo/x/exp/ast	method	NodeTypeNotEquals.isNode	1	-	-	-	-	lowers(static)
cedargo/x/exp/ast	method	NodeTypeEquals.isNode	1	-	-	-	-	lowers(static)
cedargo/x/exp/ast	method	NodeTypeIn.isNode	1	-	-	-	-	lowers(static)
cedargo/x/exp/ast	method	NodeTypeHas.isNode	1	-	-	-	-	lowers(static)
cedargo/x/exp/ast	method	NodeTypeHasTag.isNode	1	-	-	-	-	lowers(static)
cedargo/x/exp/ast	method	NodeTypeLike.isNode	1	-	-	-	-	lowers(static)
cedargo/x/exp/ast	method	NodeTypeLike.inspect	3	-	-	-	-	lowers(static)
cedargo/x/exp/ast	method	NodeTypeIs.isNode	1	-	-	-	-	lowers(static)
cedargo/x/exp/ast	method	NodeTypeIs.inspect	3	-	-	-	-	lowers(static)
cedargo/x/exp/ast	method	NodeTypeIsIn.inspect	4	-	-	-	-	lowers(static)
cedargo/x/exp/ast	method	NodeTypeSub.isNode	1	-	-	-	-	lowers(static)
cedargo/x/exp/ast	method	NodeTypeAdd.isNode	1	-	-	-	-	lowers(static)
cedargo/x/exp/ast	method	NodeTypeMult.isNode	1	-	-	-	-	lowers(static)
cedargo/x/exp/ast	method	UnaryNode.inspect	3	-	-	-	-	lowers(static)
cedargo/x/exp/ast	method	NodeTypeNegate.isNode	1	-	-	-	-	lowers(static)
cedargo/x/exp/ast	method	NodeTypeNot.isNode	1	-	-	-	-	lowers(static)
cedargo/x/exp/ast	method	NodeTypeAccess.isNode	1	-	-	-	-	lowers(static)
cedargo/x/exp/ast	method	NodeTypeGetTag.isNode	1	-	-	-	-	lowers(static)
cedargo/x/exp/ast	method	NodeTypeExtensionCall.isNode	1	-	-	-	-	lowers(static)
cedargo/x/exp/ast	method	NodeTypeExtensionCall.inspect	5	-	-	-	-	lowers(static)
cedargo/x/exp/ast	func	stripNodes	10	-	-	-	-	lowers(static)
cedargo/x/exp/ast	func	NewExtensionCall	6	-	-	-	-	lowers(static)
cedargo/x/exp/ast	func	NewMethodCall	11	-	-	-	-	lowers(static)
cedargo/x/exp/ast	method	NodeTypeContains.isNode	1	-	-	-	-	lowers(static)
cedargo/x/exp/ast	method	NodeTypeContainsAll.isNode	1	-	-	-	-	lowers(static)
cedargo/x/exp/ast	method	NodeTypeContainsAny.isNode	1	-	-	-	-	lowers(static)
cedargo/x/exp/ast	method	NodeTypeIsEmpty.isNode	1	-	-	-	-	lowers(static)
cedargo/x/exp/ast	method	NodeValue.isNode	1	-	-	-	-	lowers(static)
cedargo/x/exp/ast	method	NodeValue.inspect	1	-	-	-	-	lowers(static)
cedargo/x/exp/ast	method	NodeTypeRecord.isNode	1	-	-	-	-	lowers(static)
cedargo/x/exp/ast	method	NodeTypeRecord.inspect	5	-	-	-	-	lowers(static)
cedargo/x/exp/ast	method	NodeTypeSet.isNode	1	-	-	-	-	lowers(static)
cedargo/x/exp/ast	method	NodeTypeSet.inspect	5	-	-	-	-	lowers(static)
cedargo/x/exp/ast	method	NodeTypeVariable.isNode	1	-	-	-	-	lowers(static)
cedargo/x/exp/ast	method	NodeTypeVariable.inspect	1	-	-	-	-	lowers(static)
cedargo/x/exp/ast	method	Node.Equal	3	-	-	-	-	lowers(static)
cedargo/x/exp/ast	method	Node.NotEqual	3	-	-	-	-	lowers(static)
cedargo/x/exp/ast	method	Node.LessThan	3	-	-	-	-	lowers(static)
cedargo/x/exp/ast	method	Node.LessThanOrEqual	3	-	-	-	-	lowers(static)
cedargo/x/exp/ast	method	Node.GreaterThan	3	-	-	-	-	lowers(static)
cedargo/x/exp/ast	method	Node.GreaterThanOrEqual	3	-	-	-	-	lowers(static)
cedargo/x/exp/ast	method	Node.DecimalLessThan	3	-	-	-	-	lowers(static)
cedargo/x/exp/ast	method	Node.DecimalLessThanOrEqual	3	-	-	-	-	lowers(static)
cedargo/x/exp/ast	method	Node.DecimalGreaterThan	3	-	-	-	-	lowers(static)
cedargo/x/exp/ast	method	Node.DecimalGreaterThanOrEqual	3	-	-	-	-	lowers(static)
cedargo/x/exp/ast	method	Node.Like	3	-	-	-	-	lowers(static)
cedargo/x/exp/ast	method	Node.And	3	-	-	-	-	lowers(static)
cedargo/x/exp/ast	method	Node.Or	3	-	-	-	-	lowers(static)
cedargo/x/exp/ast	func	Not	3	-	-	-	-	lowers(static)
cedargo/x/exp/ast	func	IfThenElse	3	-	-	-	-	lowers(static)
cedargo/x/exp/ast	method	Node.Add	3	-	-	-	-	lowers(static)
cedargo/x/exp/ast	method	Node.Subtract	3	-	-	-	-	lowers(static)
cedargo/x/exp/ast	method	Node.Multiply	3	-	-	-	-	lowers(static)
cedargo/x/exp/ast	func	Negate	3	-	-	-	-	lowers(static)
cedargo/x/exp/ast	method	Node.In	3	-	-	-	-	lowers(static)
cedargo/x/exp/ast	method	Node.Is	3	-	-	-	-	lowers(static)
cedargo/x/exp/ast	method	Node.IsIn	3	-	-	-	-	lowers(static)
cedargo/x/exp/ast	method	Node.Contains	3	-	-	-	-	lowers(static)
cedargo/x/exp/ast	method	Node.ContainsAll	3	-	-	-	-	lowers(static)
cedargo/x/exp/ast	method	Node.ContainsAny	3	-	-	-	-	lowers(static)
cedargo/x/exp/ast	method	Node.Access	3	-	-	-	-	lowers(static)
cedargo/x/exp/ast	method	Node.Has	3	-	-	-	-	lowers(static)
cedargo/x/exp/ast	method	Node.GetTag	3	-	-	-	-	lowers(static)
cedargo/x/exp/ast	method	Node.HasTag	3	-	-	-	-	lowers(static)
cedargo/x/exp/ast	method	Node.IsEmpty	3	-	-	-	-	lowers(static)
cedargo/x/exp/ast	method	Node.IsIpv4	3	-	-	-	-	lowers(static)
cedargo/x/exp/ast	method	Node.IsIpv6	3	-	-	-	-	lowers(static)
cedargo/x/exp/ast	method	Node.IsMulticast	3	-	-	-	-	lowers(static)
cedargo/x/exp/ast	method	Node.IsLoopback	3	-	-	-	-	lowers(static)
cedargo/x/exp/ast	method	Node.IsInRange	3	-	-	-	-	lowers(static)
cedargo/x/exp/ast	method	Node.Offset	1	-	-	-	-	lowers(static)
cedargo/x/exp/ast	method	Node.DurationSince	1	-	-	-	-	lowers(static)
cedargo/x/exp/ast	method	Node.ToDate	1	-	-	-	-	lowers(static)
cedargo/x/exp/ast	method	Node.ToTime	1	-	-	-	-	lowers(static)
cedargo/x/exp/ast	method	Node.ToDays	1	-	-	-	-	lowers(static)
cedargo/x/exp/ast	method	Node.ToHours	1	-	-	-	-	lowers(static)
cedargo/x/exp/ast	method	Node.ToMinutes	1	-	-	-	-	lowers(static)
cedargo/x/exp/ast	method	Node.ToSeconds	1	-	-	-	-	lowers(static)
cedargo/x/exp/ast	method	Node.ToMilliseconds	1	-	-	-	-	lowers(static)
cedargo/x/exp/ast	func	newPolicy	9	-	-	-	-	lowers(static)
cedargo/x/exp/ast	func	Permit	3	-	-	-	-	lowers(static)
cedargo/x/exp/ast	func	Forbid	3	-	-	-	-	lowers(static)
cedargo/x/exp/ast	method	Policy.When	4	-	-	-	-	lowers(static)
cedargo/x/exp/ast	method	Policy.Unless	4	-	-	-	-	lowers(static)
cedargo/x/exp/ast	method	Scope.All	3	-	-	-	-	lowers(static)
cedargo/x/exp/ast	method	Scope.Eq	3	-	-	-	-	lowers(static)
cedargo/x/exp/ast	method	Scope.In	3	-	-	-	-	lowers(static)
cedargo/x/exp/ast	method	Scope.InSet	3	-	-	-	-	lowers(static)
cedargo/x/exp/ast	method	Scope.Is	3	-	-	-	-	lowers(static)
cedargo/x/exp/ast	method	Scope.IsIn	3	-	-	-	-	lowers(static)
cedargo/x/exp/ast	method	Policy.PrincipalEq	4	-	-	-	-	lowers(static)
cedargo/x/exp/ast	method	Policy.PrincipalIn	4	-	-	-	-	lowers(static)
cedargo/x/exp/ast	method	Policy.PrincipalIs	4	-	-	-	-	lowers(static)
cedargo/x/exp/ast	method	Policy.PrincipalIsIn	4	-	-	-	-	lowers(static)
cedargo/x/exp/ast	method	Policy.ActionEq	4	-	-	-	-	lowers(static)
cedargo/x/exp/ast	method	Policy.ActionIn	4	-	-	-	-	lowers(static)
cedargo/x/exp/ast	method	Policy.ActionInSet	4	-	-	-	-	lowers(static)
cedargo/x/exp/ast	method	Policy.ResourceEq	4	-	-	-	-	lowers(static)
cedargo/x/exp/ast	method	Policy.ResourceIn	4	-	-	-	-	lowers(static)
cedargo/x/exp/ast	method	Policy.ResourceIs	4	-	-	-	-	lowers(static)
cedargo/x/exp/ast	method	Policy.ResourceIsIn	4	-	-	-	-	lowers(static)
cedargo/x/exp/ast	method	ScopeTypeAll.isScope	1	-	-	-	-	lowers(static)
cedargo/x/exp/ast	method	ScopeTypeAll.isPrincipalScope	1	-	-	-	-	lowers(static)
cedargo/x/exp/ast	method	ScopeTypeAll.isActionScope	1	-	-	-	-	lowers(static)
cedargo/x/exp/ast	method	ScopeTypeAll.isResourceScope	1	-	-	-	-	lowers(static)
cedargo/x/exp/ast	method	ScopeTypeEq.isScope	1	-	-	-	-	lowers(static)
cedargo/x/exp/ast	method	ScopeTypeEq.isPrincipalScope	1	-	-	-	-	lowers(static)
cedargo/x/exp/ast	method	ScopeTypeEq.isActionScope	1	-	-	-	-	lowers(static)
cedargo/x/exp/ast	method	ScopeTypeEq.isResourceScope	1	-	-	-	-	lowers(static)
cedargo/x/exp/ast	method	ScopeTypeIn.isScope	1	-	-	-	-	lowers(static)
cedargo/x/exp/ast	method	ScopeTypeIn.isPrincipalScope	1	-	-	-	-	lowers(static)
cedargo/x/exp/ast	method	ScopeTypeIn.isActionScope	1	-	-	-	-	lowers(static)
cedargo/x/exp/ast	method	ScopeTypeIn.isResourceScope	1	-	-	-	-	lowers(static)
cedargo/x/exp/ast	method	ScopeTypeInSet.isScope	1	-	-	-	-	lowers(static)
cedargo/x/exp/ast	method	ScopeTypeInSet.isActionScope	1	-	-	-	-	lowers(static)
cedargo/x/exp/ast	method	ScopeTypeIs.isScope	1	-	-	-	-	lowers(static)
cedargo/x/exp/ast	method	ScopeTypeIs.isPrincipalScope	1	-	-	-	-	lowers(static)
cedargo/x/exp/ast	method	ScopeTypeIs.isResourceScope	1	-	-	-	-	lowers(static)
cedargo/x/exp/ast	method	ScopeTypeIsIn.isScope	1	-	-	-	-	lowers(static)
cedargo/x/exp/ast	method	ScopeTypeIsIn.isPrincipalScope	1	-	-	-	-	lowers(static)
cedargo/x/exp/ast	method	ScopeTypeIsIn.isResourceScope	1	-	-	-	-	lowers(static)
cedargo/x/exp/ast	func	Boolean	3	-	-	-	-	lowers(static)
cedargo/x/exp/ast	func	True	3	-	-	-	-	lowers(static)
cedargo/x/exp/ast	func	False	3	-	-	-	-	lowers(static)
cedargo/x/exp/ast	func	String	3	-	-	-	-	lowers(static)
cedargo/x/exp/ast	func	Long	3	-	-	-	-	lowers(static)
cedargo/x/exp/ast	func	Set	3	-	-	-	-	lowers(static)
cedargo/x/exp/ast	func	Record	13	-	-	-	-	lowers(static)
cedargo/x/exp/ast	func	EntityUID	4	-	-	-	-	lowers(static)
cedargo/x/exp/ast	func	IPAddr	3	-	-	-	-	lowers(static)
cedargo/x/exp/ast	func	Datetime	3	-	-	-	time.Time	lowers(static)
cedargo/x/exp/ast	func	Duration	3	-	-	-	time.Duration	lowers(static)
cedargo/x/exp/ast	func	ExtensionCall	3	-	-	-	-	lowers(static)
cedargo/x/exp/ast	func	Value	3	-	-	-	-	lowers(static)
cedargo/x/exp/ast	func	Principal	3	-	-	-	-	lowers(static)
cedargo/x/exp/ast	func	Action	3	-	-	-	-	lowers(static)
cedargo/x/exp/ast	func	Resource	3	-	-	-	-	lowers(static)
cedargo/x/exp/ast	func	Context	3	-	-	-	-	lowers(static)
cedargo/x/exp/ast	func	NewPrincipalNode	3	-	-	-	-	lowers(static)
cedargo/x/exp/ast	func	NewActionNode	3	-	-	-	-	lowers(static)
cedargo/x/exp/ast	func	NewResourceNode	3	-	-	-	-	lowers(static)
cedargo/x/exp/ast	func	NewContextNode	3	-	-	-	-	lowers(static)
cedargo/x/exp/batch	func	Ignore	1	-	-	-	-	lowers(static)
cedargo/x/exp/batch	func	Variable	1	-	-	-	-	lowers(static)
cedargo/x/exp/batch	func	unknownEntity	3	-	-	-	-	lowers(static)
cedargo/x/exp/batch	func	Authorize	64	context.Context.Err,errors.Join	fmt.Errorf,slices.SortFunc	FR-12:range-over-func,imported-generic-inst:iter.Seq,imported-generic-inst:iter.Seq2	context.Context	refused(static)
cedargo/x/exp/batch	func	doPartial	13	-	-	-	-	lowers(static)
cedargo/x/exp/batch	func	fixIgnores	15	-	-	-	-	lowers(static)
cedargo/x/exp/batch	func	doBatch	55	context.Context.Err,maps.Clone	-	-	context.Context	refused(static)
cedargo/x/exp/batch	func	diagnosticAuthzWithCallback	20	-	fmt.Errorf	-	-	lowers(static)
cedargo/x/exp/batch	func	isAuthorized	34	-	-	-	-	lowers(static)
cedargo/x/exp/batch	func	batchCompile	10	-	-	-	-	lowers(static)
cedargo/x/exp/batch	func	cloneSub	49	-	-	FR-12:range-over-func,imported-generic-inst:iter.Seq,imported-generic-inst:iter.Seq2	-	refused(static)
cedargo/x/exp/batch	func	findVariables	16	-	-	FR-12:range-over-func,imported-generic-inst:iter.Seq	-	refused(static)
cedargo/x/exp/dot	func	Write	36	fmt.Fprintln	fmt.Fprintf	FR-12:range-over-func,imported-generic-inst:iter.Seq,sig:imported-generic-inst:iter.Seq	io.Writer	refused(static)
cedargo/x/exp/dot	func	toDotID	11	strconv.Quote	-	-	-	refused(static)
cedargo/x/exp/dot	func	getEntitiesByEntityType	13	-	-	FR-12:range-over-func,imported-generic-inst:iter.Seq,sig:imported-generic-inst:iter.Seq	-	refused(static)
cedargo/x/exp/eval	func	Eval	4	-	-	-	-	lowers(static)
cedargo/x/exp/eval	func	PartialPolicy	3	-	-	-	-	lowers(static)
cedargo/x/exp/eval	func	PolicyToNode	3	-	-	-	-	lowers(static)
cedargo/x/exp/eval	func	PartialError	3	-	-	-	-	lowers(static)
cedargo/x/exp/eval	func	ToPartialError	3	-	-	-	-	lowers(static)
cedargo/x/exp/eval	func	Variable	3	-	-	-	-	lowers(static)
cedargo/x/exp/eval	func	ToVariable	6	-	-	-	-	lowers(static)
cedargo/x/exp/eval	func	TypeName	3	-	-	-	-	lowers(static)
cedargo/x/exp/schema	func	NewSchemaFromAST	3	-	-	-	-	lowers(static)
cedargo/x/exp/schema	method	Schema.SetFilename	3	-	-	-	-	lowers(static)
cedargo/x/exp/schema	method	Schema.MarshalJSON	4	-	-	-	-	lowers(static)
cedargo/x/exp/schema	method	Schema.UnmarshalJSON	8	-	-	-	-	lowers(static)
cedargo/x/exp/schema	method	Schema.MarshalCedar	3	-	-	-	-	lowers(static)
cedargo/x/exp/schema	method	Schema.UnmarshalCedar	8	-	-	-	-	lowers(static)
cedargo/x/exp/schema	method	Schema.AST	3	-	-	-	-	lowers(static)
cedargo/x/exp/schema	method	Schema.Resolve	3	-	-	-	-	lowers(static)
cedargo/x/exp/schema	method	Schema.astOrEmpty	6	-	-	-	-	lowers(static)
cedargo/x/exp/schema/ast	func	ParentRefFromID	5	-	-	-	-	lowers(static)
cedargo/x/exp/schema/ast	func	NewParentRef	6	-	-	-	-	lowers(static)
cedargo/x/exp/schema/ast	method	StringType.isType	1	-	-	-	-	lowers(static)
cedargo/x/exp/schema/ast	func	String	1	-	-	-	-	lowers(static)
cedargo/x/exp/schema/ast	method	LongType.isType	1	-	-	-	-	lowers(static)
cedargo/x/exp/schema/ast	func	Long	1	-	-	-	-	lowers(static)
cedargo/x/exp/schema/ast	method	BoolType.isType	1	-	-	-	-	lowers(static)
cedargo/x/exp/schema/ast	func	Bool	1	-	-	-	-	lowers(static)
cedargo/x/exp/schema/ast	method	ExtensionType.isType	1	-	-	-	-	lowers(static)
cedargo/x/exp/schema/ast	func	IPAddr	1	-	-	-	-	lowers(static)
cedargo/x/exp/schema/ast	func	Decimal	1	-	-	-	-	lowers(static)
cedargo/x/exp/schema/ast	func	Datetime	1	-	-	-	-	lowers(static)
cedargo/x/exp/schema/ast	func	Duration	1	-	-	-	-	lowers(static)
cedargo/x/exp/schema/ast	method	SetType.isType	1	-	-	-	-	lowers(static)
cedargo/x/exp/schema/ast	func	Set	3	-	-	-	-	lowers(static)
cedargo/x/exp/schema/ast	method	RecordType.isType	1	-	-	-	-	lowers(static)
cedargo/x/exp/schema/ast	method	EntityTypeRef.isType	1	-	-	-	-	lowers(static)
cedargo/x/exp/schema/ast	func	EntityType	3	-	-	-	-	lowers(static)
cedargo/x/exp/schema/ast	method	TypeRef.isType	1	-	-	-	-	lowers(static)
cedargo/x/exp/schema/ast	func	Type	3	-	-	-	-	lowers(static)
cedargo/x/exp/schema/internal/json	method	Schema.MarshalJSON	26	encoding/json.Marshal	-	-	-	refused(static)
cedargo/x/exp/schema/internal/json	method	Schema.UnmarshalJSON	31	encoding/json.Unmarshal	fmt.Errorf	-	encoding/json.RawMessage	refused(static)
cedargo/x/exp/schema/internal/json	func	hasBareDecls	3	-	-	-	-	lowers(static)
cedargo/x/exp/schema/internal/json	func	marshalNamespace	100	sort.Strings	-	-	-	refused(static)
cedargo/x/exp/schema/internal/json	func	marshalIsType	26	-	fmt.Errorf	-	-	lowers(static)
cedargo/x/exp/schema/internal/json	func	marshalRecordType	22	-	-	-	-	lowers(static)
cedargo/x/exp/schema/internal/json	func	marshalAnnotations	7	-	-	-	-	lowers(static)
cedargo/x/exp/schema/internal/json	func	unmarshalNamespace	101	-	fmt.Errorf	-	-	lowers(static)
cedargo/x/exp/schema/internal/json	func	unmarshalType	33	-	fmt.Errorf	-	-	lowers(static)
cedargo/x/exp/schema/internal/json	func	unmarshalRecordType	18	-	fmt.Errorf	-	-	lowers(static)
cedargo/x/exp/schema/internal/json	func	unmarshalAnnotations	7	-	-	-	-	lowers(static)
cedargo/x/exp/schema/internal/parser	func	MarshalSchema	6	bytes.Buffer.Bytes	-	-	bytes.Buffer	refused(static)
cedargo/x/exp/schema/internal/parser	method	marshaler.writeIndent	5	-	bytes.Buffer.WriteByte	-	bytes.Buffer	lowers(static)
cedargo/x/exp/schema/internal/parser	method	marshaler.marshalSchema	25	maps.Keys,slices.Sorted	bytes.Buffer.WriteByte,bytes.Buffer.WriteString,fmt.Fprintf	-	bytes.Buffer	refused(static)
cedargo/x/exp/schema/internal/parser	method	marshaler.marshalDecls	84	maps.Keys,slices.Sorted	bytes.Buffer.WriteByte,bytes.Buffer.WriteString,fmt.Fprintf	-	bytes.Buffer	refused(static)
cedargo/x/exp/schema/internal/parser	method	marshaler.marshalAnnotations	12	maps.Keys,slices.Sorted	fmt.Fprintf	-	bytes.Buffer	refused(static)
cedargo/x/exp/schema/internal/parser	method	marshaler.marshalType	22	-	bytes.Buffer.WriteByte,bytes.Buffer.WriteString	-	bytes.Buffer	lowers(static)
cedargo/x/exp/schema/internal/parser	method	marshaler.marshalRecordType	26	maps.Keys,slices.Sorted	bytes.Buffer.WriteByte,bytes.Buffer.WriteString	-	bytes.Buffer	refused(static)
cedargo/x/exp/schema/internal/parser	method	marshaler.marshalEntityTypeRefs	14	-	bytes.Buffer.WriteByte,bytes.Buffer.WriteString	-	bytes.Buffer	lowers(static)
cedargo/x/exp/schema/internal/parser	method	marshaler.marshalParentRefs	14	-	bytes.Buffer.WriteByte,bytes.Buffer.WriteString	-	bytes.Buffer	lowers(static)
cedargo/x/exp/schema/internal/parser	method	marshaler.marshalParentRef	7	-	fmt.Fprintf	-	bytes.Buffer	lowers(static)
cedargo/x/exp/schema/internal/parser	method	marshaler.marshalAppliesTo	35	-	bytes.Buffer.WriteByte,bytes.Buffer.WriteString	-	bytes.Buffer	lowers(static)
cedargo/x/exp/schema/internal/parser	method	marshaler.marshalActionName	8	-	bytes.Buffer.WriteString	-	bytes.Buffer	lowers(static)
cedargo/x/exp/schema/internal/parser	method	marshaler.marshalAttrName	8	-	bytes.Buffer.WriteString	-	bytes.Buffer	lowers(static)
cedargo/x/exp/schema/internal/parser	func	isValidIdent	17	-	-	-	-	lowers(static)
cedargo/x/exp/schema/internal/parser	func	quoteCedar	28	strings.Builder.WriteRune	fmt.Fprintf,strings.Builder.String,strings.Builder.WriteByte,strings.Builder.WriteString	-	strings.Builder	refused(static)
cedargo/x/exp/schema/internal/parser	func	init	4	-	slices.Sort	-	-	lowers(static)
cedargo/x/exp/schema/internal/parser	func	ParseSchema	7	-	-	-	-	lowers(static)
cedargo/x/exp/schema/internal/parser	method	parser.readToken	8	-	-	-	-	lowers(static)
cedargo/x/exp/schema/internal/parser	method	parser.errorf	3	-	fmt.Errorf,fmt.Sprintf	-	-	lowers(static)
cedargo/x/exp/schema/internal/parser	method	parser.expect	6	-	-	-	-	lowers(static)
cedargo/x/exp/schema/internal/parser	func	tokenName	44	-	-	-	-	lowers(static)
cedargo/x/exp/schema/internal/parser	func	tokenDesc	14	-	fmt.Sprintf	-	-	lowers(static)
cedargo/x/exp/schema/internal/parser	method	parser.parseSchema	30	-	-	-	-	lowers(static)
cedargo/x/exp/schema/internal/parser	method	parser.parseNamespace	34	slices.Contains	fmt.Errorf,strings.Split	-	-	refused(static)
cedargo/x/exp/schema/internal/parser	method	parser.parseDecl	24	-	-	-	-	lowers(static)
cedargo/x/exp/schema/internal/parser	method	parser.parseEntity	81	-	-	-	-	lowers(static)
cedargo/x/exp/schema/internal/parser	method	parser.parseEnumEntity	45	-	-	-	-	lowers(static)
cedargo/x/exp/schema/internal/parser	method	parser.parseAction	63	-	-	-	-	lowers(static)
cedargo/x/exp/schema/internal/parser	method	parser.parseTypeDecl	35	slices.Contains	-	-	-	refused(static)
cedargo/x/exp/schema/internal/parser	method	parser.parseAnnotations	45	-	-	-	-	lowers(static)
cedargo/x/exp/schema/internal/parser	method	parser.parsePath	22	-	-	-	-	lowers(static)
cedargo/x/exp/schema/internal/parser	method	parser.parsePathForRef	29	-	-	-	-	lowers(static)
cedargo/x/exp/schema/internal/parser	method	parser.parseIdents	23	-	-	-	-	lowers(static)
cedargo/x/exp/schema/internal/parser	method	parser.parseNames	18	-	-	-	-	lowers(static)
cedargo/x/exp/schema/internal/parser	method	parser.parseName	21	-	-	-	-	lowers(static)
cedargo/x/exp/schema/internal/parser	method	parser.parseEntityTypes	28	-	-	-	-	lowers(static)
cedargo/x/exp/schema/internal/parser	method	parser.parseActionParents	28	-	-	-	-	lowers(static)
cedargo/x/exp/schema/internal/parser	method	parser.parseQualName	18	-	-	-	-	lowers(static)
cedargo/x/exp/schema/internal/parser	method	parser.parseAppliesTo	87	-	-	-	-	lowers(static)
cedargo/x/exp/schema/internal/parser	method	parser.parseType	32	-	-	-	-	lowers(static)
cedargo/x/exp/schema/internal/parser	method	parser.parseRecordType	44	-	-	-	-	lowers(static)
cedargo/x/exp/schema/internal/parser	method	position.String	7	-	fmt.Sprintf	-	-	lowers(static)
cedargo/x/exp/schema/internal/parser	func	newLexer	8	-	-	-	-	lowers(static)
cedargo/x/exp/schema/internal/parser	method	lexer.position	8	-	-	-	-	lowers(static)
cedargo/x/exp/schema/internal/parser	method	lexer.errorf	3	-	fmt.Errorf,fmt.Sprintf	-	-	lowers(static)
cedargo/x/exp/schema/internal/parser	method	lexer.peek	7	unicode/utf8.DecodeRune	-	-	-	refused(static)
cedargo/x/exp/schema/internal/parser	method	lexer.advance	14	unicode/utf8.DecodeRune	-	-	-	refused(static)
cedargo/x/exp/schema/internal/parser	method	lexer.skipWhitespaceAndComments	36	-	-	-	-	lowers(static)
cedargo/x/exp/schema/internal/parser	func	isIdentStart	3	-	-	-	-	lowers(static)
cedargo/x/exp/schema/internal/parser	func	isIdentContinue	3	-	-	-	-	lowers(static)
cedargo/x/exp/schema/internal/parser	method	lexer.scanIdent	8	-	-	-	-	lowers(static)
cedargo/x/exp/schema/internal/parser	method	lexer.scanString	28	-	-	-	-	lowers(static)
cedargo/x/exp/schema/internal/parser	method	lexer.next	68	-	-	-	-	lowers(static)
cedargo/x/exp/schema/resolved	func	Resolve	66	-	-	-	-	lowers(static)
cedargo/x/exp/schema/resolved	method	resolverState.registerDecls	15	-	fmt.Errorf	-	-	lowers(static)
cedargo/x/exp/schema/resolved	func	checkShadowing	49	-	fmt.Errorf	-	-	lowers(static)
cedargo/x/exp/schema/resolved	method	resolverState.detectCommonTypeCycles	56	-	fmt.Errorf	-	-	lowers(static)
cedargo/x/exp/schema/resolved	method	resolverState.resolveEntities	32	-	fmt.Errorf	-	-	lowers(static)
cedargo/x/exp/schema/resolved	method	resolverState.resolveEnums	14	-	-	-	-	lowers(static)
cedargo/x/exp/schema/resolved	method	resolverState.resolveActions	50	-	fmt.Errorf	-	-	lowers(static)
cedargo/x/exp/schema/resolved	method	resolverState.resolveType	30	-	fmt.Sprintf	-	-	lowers(static)
cedargo/x/exp/schema/resolved	method	resolverState.resolveRecordType	15	-	fmt.Errorf	-	-	lowers(static)
cedargo/x/exp/schema/resolved	method	resolverState.resolveEntityTypeRef	23	strings.Contains	fmt.Errorf	-	-	refused(static)
cedargo/x/exp/schema/resolved	method	resolverState.resolveTypeRef	39	strings.Contains	fmt.Errorf	-	-	refused(static)
cedargo/x/exp/schema/resolved	method	resolverState.resolveQualifiedTypeRef	23	strings.HasPrefix	fmt.Errorf	-	-	refused(static)
cedargo/x/exp/schema/resolved	method	resolverState.resolveTypeRefPath	12	strings.Contains	-	-	-	refused(static)
cedargo/x/exp/schema/resolved	func	resolveActionParentRef	8	-	-	-	-	lowers(static)
cedargo/x/exp/schema/resolved	method	resolverState.validateActionMembership	45	-	fmt.Errorf	FR-12:range-over-func,imported-generic-inst:iter.Seq	-	refused(static)
cedargo/x/exp/schema/resolved	func	lookupBuiltin	20	-	-	-	-	lowers(static)
cedargo/x/exp/schema/resolved	func	collectTypeRefs	18	-	fmt.Sprintf	-	-	lowers(static)
cedargo/x/exp/schema/resolved	func	qualifyEntityType	6	-	-	-	-	lowers(static)
cedargo/x/exp/schema/resolved	func	qualifyPath	6	-	-	-	-	lowers(static)
cedargo/x/exp/schema/resolved	func	qualifyActionType	6	-	-	-	-	lowers(static)
cedargo/x/exp/schema/resolved	func	extractNamespace	7	strings.LastIndex	-	-	-	refused(static)
cedargo/x/exp/schema/resolved	method	StringType.isType	1	-	-	-	-	lowers(static)
cedargo/x/exp/schema/resolved	method	LongType.isType	1	-	-	-	-	lowers(static)
cedargo/x/exp/schema/resolved	method	BoolType.isType	1	-	-	-	-	lowers(static)
cedargo/x/exp/schema/resolved	method	ExtensionType.isType	1	-	-	-	-	lowers(static)
cedargo/x/exp/schema/resolved	method	SetType.isType	1	-	-	-	-	lowers(static)
cedargo/x/exp/schema/resolved	method	RecordType.isType	1	-	-	-	-	lowers(static)
cedargo/x/exp/schema/resolved	method	EntityType.isType	1	-	-	-	-	lowers(static)
cedargo/x/exp/schema/validate	func	newCapabilitySet	3	-	-	-	-	lowers(static)
cedargo/x/exp/schema/validate	method	capabilitySet.clone	3	maps.Clone	-	-	-	refused(static)
cedargo/x/exp/schema/validate	method	capabilitySet.add	5	-	-	-	-	lowers(static)
cedargo/x/exp/schema/validate	method	capabilitySet.has	3	-	-	-	-	lowers(static)
cedargo/x/exp/schema/validate	method	capabilitySet.merge	5	maps.Copy	-	-	-	refused(static)
cedargo/x/exp/schema/validate	method	capabilitySet.intersect	9	-	-	-	-	lowers(static)
cedargo/x/exp/schema/validate	method	typeNever.isCedarType	1	-	-	-	-	lowers(static)
cedargo/x/exp/schema/validate	method	typeTrue.isCedarType	1	-	-	-	-	lowers(static)
cedargo/x/exp/schema/validate	method	typeFalse.isCedarType	1	-	-	-	-	lowers(static)
cedargo/x/exp/schema/validate	method	typeBool.isCedarType	1	-	-	-	-	lowers(static)
cedargo/x/exp/schema/validate	method	typeLong.isCedarType	1	-	-	-	-	lowers(static)
cedargo/x/exp/schema/validate	method	typeString.isCedarType	1	-	-	-	-	lowers(static)
cedargo/x/exp/schema/validate	method	typeSet.isCedarType	1	-	-	-	-	lowers(static)
cedargo/x/exp/schema/validate	method	typeRecord.isCedarType	1	-	-	-	-	lowers(static)
cedargo/x/exp/schema/validate	method	typeEntity.isCedarType	1	-	-	-	-	lowers(static)
cedargo/x/exp/schema/validate	method	typeExtension.isCedarType	1	-	-	-	-	lowers(static)
cedargo/x/exp/schema/validate	func	typeIncompatErr	8	-	fmt.Sprintf	-	-	lowers(static)
cedargo/x/exp/schema/validate	func	typeIncompatErrMulti	32	slices.Compact	fmt.Sprintf,slices.SortFunc,strings.Builder.String,strings.Builder.WriteString	-	strings.Builder	refused(static)
cedargo/x/exp/schema/validate	func	compareCedarType	17	strings.Compare	-	-	-	refused(static)
cedargo/x/exp/schema/validate	func	cedarTypeKindRank	26	-	-	-	-	lowers(static)
cedargo/x/exp/schema/validate	func	compareRecordTypes	28	strings.Compare	cmp.Compare,slices.Sort	-	-	refused(static)
cedargo/x/exp/schema/validate	func	compareEntityLUB	10	strings.Compare	cmp.Compare	-	-	refused(static)
cedargo/x/exp/schema/validate	func	cedarTypeName	26	-	-	-	-	lowers(static)
cedargo/x/exp/schema/validate	func	cedarEntityTypeName	11	-	strings.Join	-	-	lowers(static)
cedargo/x/exp/schema/validate	func	cedarRecordTypeName	24	strings.Builder.WriteRune	slices.Sort,strings.Builder.String,strings.Builder.WriteString	-	strings.Builder	refused(static)
cedargo/x/exp/schema/validate	func	singleEntityLUB	3	-	-	-	-	lowers(static)
cedargo/x/exp/schema/validate	method	entityLUB.isDisjoint	15	-	-	-	-	lowers(static)
cedargo/x/exp/schema/validate	method	Validator.isSubtype	11	-	-	-	-	lowers(static)
cedargo/x/exp/schema/validate	method	Validator.leastUpperBound	60	-	fmt.Errorf	-	-	lowers(static)
cedargo/x/exp/schema/validate	method	Validator.lubRecord	40	-	fmt.Errorf	-	-	lowers(static)
cedargo/x/exp/schema/validate	func	unionLUB	6	slices.Clone,slices.Compact	slices.Sort	-	-	refused(static)
cedargo/x/exp/schema/validate	func	schemaTypeToCedarType	18	-	-	-	-	lowers(static)
cedargo/x/exp/schema/validate	func	schemaRecordToCedarType	10	-	-	-	-	lowers(static)
cedargo/x/exp/schema/validate	method	Validator.lookupAttributeType	11	-	-	-	-	lowers(static)
cedargo/x/exp/schema/validate	method	Validator.lookupEntityAttr	29	-	-	-	-	lowers(static)
cedargo/x/exp/schema/validate	method	Validator.entityHasTags	9	-	-	-	-	lowers(static)
cedargo/x/exp/schema/validate	method	Validator.entityTagType	16	-	-	-	-	lowers(static)
cedargo/x/exp/schema/validate	method	Validator.checkStrictEntityLUB	17	-	fmt.Errorf	-	-	lowers(static)
cedargo/x/exp/schema/validate	func	entityLUBsRelated	8	slices.Contains	-	-	-	refused(static)
cedargo/x/exp/schema/validate	method	Validator.isEntityDescendant	19	-	-	-	-	lowers(static)
cedargo/x/exp/schema/validate	method	Validator.anyEntityDescendantOf	13	-	-	-	-	lowers(static)
cedargo/x/exp/schema/validate	func	isActionEntity	4	strings.HasSuffix	-	-	-	refused(static)
cedargo/x/exp/schema/validate	method	entityDeserError.Error	1	-	-	-	-	lowers(static)
cedargo/x/exp/schema/validate	func	newDeserError	1	-	-	-	-	lowers(static)
cedargo/x/exp/schema/validate	func	checkValue	43	-	fmt.Errorf,fmt.Sprintf	FR-12:range-over-func,imported-generic-inst:iter.Seq	-	refused(static)
cedargo/x/exp/schema/validate	func	checkRecord	23	-	fmt.Errorf,fmt.Sprintf	FR-12:range-over-func,imported-generic-inst:iter.Seq2	-	refused(static)
cedargo/x/exp/schema/validate	func	checkExtensionValue	21	-	-	-	-	lowers(static)
cedargo/x/exp/schema/validate	func	extensionMismatchError	11	-	fmt.Errorf,fmt.Sprintf	-	-	lowers(static)
cedargo/x/exp/schema/validate	method	Validator.Entity	20	-	fmt.Sprintf	-	-	lowers(static)
cedargo/x/exp/schema/validate	method	Validator.Entities	12	errors.As	fmt.Errorf	-	-	refused(static)
cedargo/x/exp/schema/validate	method	Validator.validateActionEntity	46	-	fmt.Errorf	FR-12:range-over-func,imported-generic-inst:iter.Seq	-	refused(static)
cedargo/x/exp/schema/validate	method	Validator.validateEntity	28	slices.Contains	fmt.Errorf,fmt.Sprintf	FR-12:range-over-func,imported-generic-inst:iter.Seq	-	refused(static)
cedargo/x/exp/schema/validate	method	typeIncompatError.Error	1	-	-	-	-	lowers(static)
cedargo/x/exp/schema/validate	method	unsafeTagAccessError.Error	1	-	-	-	-	lowers(static)
cedargo/x/exp/schema/validate	method	Validator.Policy	63	errors.As,errors.Join	fmt.Errorf	-	-	refused(static)
cedargo/x/exp/schema/validate	func	flattenErrors	10	-	-	-	-	lowers(static)
cedargo/x/exp/schema/validate	method	Validator.validatePrincipalScope	38	slices.Contains	-	-	-	refused(static)
cedargo/x/exp/schema/validate	method	Validator.validateAndGetActionUIDs	28	errors.Join	fmt.Errorf	-	-	refused(static)
cedargo/x/exp/schema/validate	method	Validator.validateResourceScope	38	slices.Contains	-	-	-	refused(static)
cedargo/x/exp/schema/validate	method	Validator.validateScopeEntity	12	-	fmt.Errorf	-	-	lowers(static)
cedargo/x/exp/schema/validate	method	Validator.validateScopeType	6	-	fmt.Errorf	-	-	lowers(static)
cedargo/x/exp/schema/validate	method	Validator.validateActionApplication	53	slices.Contains	fmt.Errorf	-	-	refused(static)
cedargo/x/exp/schema/validate	method	Validator.getActionsInSet	15	-	-	-	-	lowers(static)
cedargo/x/exp/schema/validate	method	Validator.isActionDescendant	18	-	-	FR-12:range-over-func,imported-generic-inst:iter.Seq	-	refused(static)
cedargo/x/exp/schema/validate	method	Validator.getEntityTypesIn	25	slices.Contains	-	-	-	refused(static)
cedargo/x/exp/schema/validate	method	Validator.typecheckConditions	101	errors.As,errors.Join	fmt.Errorf	FR-13:anon-struct-type	-	refused(static)
cedargo/x/exp/schema/validate	method	Validator.Request	30	slices.Contains	fmt.Errorf	-	-	refused(static)
cedargo/x/exp/schema/validate	method	Validator.validateRequestEntityType	6	-	fmt.Errorf	-	-	lowers(static)
cedargo/x/exp/schema/validate	func	formatContextRecord	22	strings.Builder.WriteRune	slices.Sort,strings.Builder.String,strings.Builder.WriteString	FR-12:range-over-func,imported-generic-inst:iter.Seq2	strings.Builder	refused(static)
cedargo/x/exp/schema/validate	func	formatCedarValue	16	-	fmt.Sprintf	-	-	lowers(static)
cedargo/x/exp/schema/validate	method	Validator.generateRequestEnvs	20	-	-	-	-	lowers(static)
cedargo/x/exp/schema/validate	method	Validator.filterEnvsForPolicy	16	-	-	-	-	lowers(static)
cedargo/x/exp/schema/validate	func	matchesEntityTypeConstraint	6	slices.Contains	-	-	-	refused(static)
cedargo/x/exp/schema/validate	func	matchesActionConstraint	6	slices.Contains	-	-	-	refused(static)
cedargo/x/exp/schema/validate	method	Validator.typeOfExpr	97	-	-	-	-	lowers(static)
cedargo/x/exp/schema/validate	method	Validator.typeOfValue	15	-	-	-	-	lowers(static)
cedargo/x/exp/schema/validate	method	Validator.typeOfEntityUID	17	-	fmt.Errorf	-	-	lowers(static)
cedargo/x/exp/schema/validate	func	typeOfVariable	11	-	-	-	-	lowers(static)
cedargo/x/exp/schema/validate	func	unexpectedTypeErr	3	-	fmt.Errorf	-	-	lowers(static)
cedargo/x/exp/schema/validate	method	Validator.typeOfAnd	58	errors.Join	-	-	-	refused(static)
cedargo/x/exp/schema/validate	method	Validator.typeOfOr	48	errors.Join	-	-	-	refused(static)
cedargo/x/exp/schema/validate	method	Validator.typeOfNot	20	errors.Join	-	-	-	refused(static)
cedargo/x/exp/schema/validate	method	Validator.typeOfIfThenElse	107	errors.Join	-	-	-	refused(static)
cedargo/x/exp/schema/validate	method	Validator.typeOfEquality	53	errors.Join	-	-	-	refused(static)
cedargo/x/exp/schema/validate	method	Validator.typeOfComparison	39	errors.Join	-	-	-	refused(static)
cedargo/x/exp/schema/validate	method	Validator.typeOfArith	20	errors.Join	-	-	-	refused(static)
cedargo/x/exp/schema/validate	method	Validator.typeOfNegate	15	errors.Join	-	-	-	refused(static)
cedargo/x/exp/schema/validate	method	Validator.typeOfIn	58	errors.Join	-	-	-	refused(static)
cedargo/x/exp/schema/validate	method	Validator.typeOfContains	29	errors.Join	-	-	-	refused(static)
cedargo/x/exp/schema/validate	method	Validator.typeOfContainsAllAny	38	errors.Join	-	-	-	refused(static)
cedargo/x/exp/schema/validate	method	Validator.typeOfIsEmpty	17	errors.Join	-	-	-	refused(static)
cedargo/x/exp/schema/validate	method	Validator.typeOfLike	16	errors.Join	-	-	-	refused(static)
cedargo/x/exp/schema/validate	method	Validator.typeOfIs	26	errors.Join,slices.Contains	-	-	-	refused(static)
cedargo/x/exp/schema/validate	method	Validator.typeOfIsIn	33	errors.Join	-	-	-	refused(static)
cedargo/x/exp/schema/validate	method	Validator.typeOfHas	26	-	-	-	-	lowers(static)
cedargo/x/exp/schema/validate	method	Validator.hasResultType	13	-	-	-	-	lowers(static)
cedargo/x/exp/schema/validate	method	Validator.hasResultTypeEntity	16	-	-	-	-	lowers(static)
cedargo/x/exp/schema/validate	method	Validator.typeOfAccess	47	errors.Join	-	-	-	refused(static)
cedargo/x/exp/schema/validate	method	Validator.attrNotFoundError	29	-	fmt.Errorf,fmt.Sprintf	-	-	lowers(static)
cedargo/x/exp/schema/validate	method	Validator.unsafeOptionalAccessError	21	-	fmt.Errorf,fmt.Sprintf	-	-	lowers(static)
cedargo/x/exp/schema/validate	func	formatEntityAttrPath	17	-	fmt.Fprintf,strings.Builder.String,strings.Builder.WriteByte,strings.Builder.WriteString	-	strings.Builder	lowers(static)
cedargo/x/exp/schema/validate	func	isValidCedarIdent	13	-	-	-	-	lowers(static)
cedargo/x/exp/schema/validate	func	isIdentStart	3	-	-	-	-	lowers(static)
cedargo/x/exp/schema/validate	func	isIdentContinue	3	-	-	-	-	lowers(static)
cedargo/x/exp/schema/validate	func	joinComma	10	-	-	-	-	lowers(static)
cedargo/x/exp/schema/validate	method	Validator.typeOfHasTag	35	errors.Join	-	-	-	refused(static)
cedargo/x/exp/schema/validate	method	Validator.typeOfGetTag	68	errors.Join	fmt.Sprintf	-	-	refused(static)
cedargo/x/exp/schema/validate	func	rewriteConstITE	18	-	-	-	-	lowers(static)
cedargo/x/exp/schema/validate	method	Validator.typeOfRecord	24	errors.Join	-	-	-	refused(static)
cedargo/x/exp/schema/validate	method	Validator.typeOfSet	71	errors.Join	fmt.Errorf	-	-	refused(static)
cedargo/x/exp/schema/validate	method	Validator.typeOfExtensionCall	63	errors.Join	fmt.Errorf	-	-	refused(static)
cedargo/x/exp/schema/validate	func	collectErrors	7	-	-	-	-	lowers(static)
cedargo/x/exp/schema/validate	func	areTypesDisjoint	8	-	-	-	-	lowers(static)
cedargo/x/exp/schema/validate	func	validateExtensionValue	21	-	fmt.Errorf	-	-	lowers(static)
cedargo/x/exp/schema/validate	func	isBoolType	8	-	-	-	-	lowers(static)
cedargo/x/exp/schema/validate	func	isEntityType	8	-	-	-	-	lowers(static)
cedargo/x/exp/schema/validate	func	isEntityOrRecordType	8	-	-	-	-	lowers(static)
cedargo/x/exp/schema/validate	func	isEntityOrSetOfEntity	12	-	-	-	-	lowers(static)
cedargo/x/exp/schema/validate	func	exprVarName	11	-	-	-	-	lowers(static)
cedargo/x/exp/schema/validate	func	exprContainsVariable	14	-	-	-	-	lowers(static)
cedargo/x/exp/schema/validate	method	Validator.validateEntityRefs	92	errors.Join	-	-	-	refused(static)
cedargo/x/exp/schema/validate	method	Validator.validateEntityRefsPair	3	errors.Join	-	-	-	refused(static)
cedargo/x/exp/schema/validate	func	evalLiteralEquality	8	-	-	-	-	lowers(static)
cedargo/x/exp/schema/validate	method	Validator.exprToActionEUID	13	-	-	-	-	lowers(static)
cedargo/x/exp/schema/validate	method	Validator.exprToActionEUIDs	24	-	-	-	-	lowers(static)
cedargo/x/exp/schema/validate	method	Validator.isActionInSet	4	slices.Contains	-	-	-	refused(static)
cedargo/x/exp/schema/validate	func	tagCapabilityKey	11	-	-	-	-	lowers(static)
cedargo/x/exp/schema/validate	func	WithStrict	1	-	-	-	-	lowers(static)
cedargo/x/exp/schema/validate	func	WithPermissive	1	-	-	-	-	lowers(static)
cedargo/x/exp/schema/validate	func	New	7	-	-	-	-	lowers(static)
cedargo/x/exp/schema/validate	method	Validator.isKnownEntityType	5	-	-	-	-	lowers(static)
cedargo/x/exp/types	method	EntityMap.UnmarshalJSONWithSchema	19	encoding/json.Unmarshal	-	-	-	refused(static)
cedargo/x/exp/types	method	Entity.UnmarshalJSONWithSchema	16	encoding/json.Unmarshal	-	-	-	refused(static)
cedargo/x/exp/types	func	coerceEntity	11	-	-	-	-	lowers(static)
cedargo/x/exp/types	func	coerceRecord	26	-	-	-	-	lowers(static)
cedargo/x/exp/types	func	coerceTagValues	21	-	-	-	-	lowers(static)
cedargo/x/exp/types	func	coerceValue	16	-	-	-	-	lowers(static)
cedargo/x/exp/types	func	coerceEntityUID	23	-	-	-	-	lowers(static)
cedargo/x/exp/types	func	coerceExtension	25	-	-	-	-	lowers(static)
cedargo/x/exp/types	func	coerceSet	19	-	-	FR-12:range-over-func,imported-generic-inst:iter.Seq	-	refused(static)
cedark8s/internal/schema	func	ModifyObjectMetaMaps	25	-	-	-	-	lowers(static)
cedark8s/internal/schema	func	AllAdmissionActions	3	-	-	-	-	lowers(static)
cedark8s/internal/schema	func	AddAdmissionActions	27	-	-	-	-	lowers(static)
cedark8s/internal/schema	func	AddResourceTypeToAction	8	-	-	-	-	lowers(static)
cedark8s/internal/schema	func	PrincipalUIDEntity	10	-	-	-	-	lowers(static)
cedark8s/internal/schema	func	NonResourceURLEntity	12	-	-	-	-	lowers(static)
cedark8s/internal/schema	func	FieldRequirementEntityShape	11	-	-	-	-	lowers(static)
cedark8s/internal/schema	func	LabelRequirementEntityShape	11	-	-	-	-	lowers(static)
cedark8s/internal/schema	func	ResourceEntity	25	-	-	-	-	lowers(static)
cedark8s/internal/schema	func	AllAuthorizationActionNames	23	-	-	-	-	lowers(static)
cedark8s/internal/schema	func	GetAuthorizationActions	77	slices.Contains	-	-	-	refused(static)
cedark8s/internal/schema	func	GetAuthorizationActionsNamespace	5	-	-	-	-	lowers(static)
cedark8s/internal/schema	func	GetAuthorizationNamespace	20	-	-	-	-	lowers(static)
cedark8s/internal/schema	func	NewCedarSchema	3	-	-	-	-	lowers(static)
cedark8s/internal/schema	method	CedarSchema.SortActionEntities	10	-	slices.Sort	-	-	lowers(static)
cedark8s/internal/schema	method	CedarSchema.GetEntityShape	32	-	strings.Join,strings.Split	-	-	lowers(static)
cedark8s/internal/schema	func	docAnnotation	3	-	-	-	-	lowers(static)
cedark8s/internal/schema	method	EntityAttribute.toRecordEA	10	-	-	-	-	lowers(static)
cedark8s/internal/schema	method	EntityAttribute.toNonRecordEA	10	-	-	-	-	lowers(static)
cedark8s/internal/schema	method	EntityAttribute.MarshalJSON	6	encoding/json.Marshal	-	-	-	refused(static)
cedark8s/internal/schema	func	proxyOptionEntityShape	10	-	-	-	-	lowers(static)
cedark8s/internal/schema	func	NodeProxyOptions	6	-	-	-	-	lowers(static)
cedark8s/internal/schema	func	ServiceProxyOptions	6	-	-	-	-	lowers(static)
cedark8s/internal/schema	func	PodProxyOptions	6	-	-	-	-	lowers(static)
cedark8s/internal/schema	func	PodPortForwardOptions	18	-	-	-	-	lowers(static)
cedark8s/internal/schema	func	podExecAttachEntityShape	18	-	-	-	-	lowers(static)
cedark8s/internal/schema	func	PodExecOptions	6	-	-	-	-	lowers(static)
cedark8s/internal/schema	func	PodAttachOptions	6	-	-	-	-	lowers(static)
cedark8s/internal/schema	func	AddConnectEntities	43	-	-	-	-	lowers(static)
cedark8s/internal/schema	func	UserEntity	18	-	-	-	-	lowers(static)
cedark8s/internal/schema	func	GroupEntity	8	-	-	-	-	lowers(static)
cedark8s/internal/schema	func	ServiceAccountEntity	19	-	-	-	-	lowers(static)
cedark8s/internal/schema	func	NodeEntity	18	-	-	-	-	lowers(static)
cedark8s/internal/schema	func	ExtraEntityShape	10	-	-	-	-	lowers(static)
cedark8s/internal/schema	func	ExtraEntity	16	-	-	-	-	lowers(static)
cedark8s/internal/schema	func	AddPrincipalsToSchema	17	-	-	-	-	lowers(static)
cedark8s/internal/schema	func	AdmissionPrincipalTypes	3	-	-	-	-	lowers(static)
cedark8s/internal/schema	func	AuthorizationPrincipalTypes	16	-	-	-	-	lowers(static)
