# e13-b round-17 rebase — the witness matrix re-run against the REBASED binaries ([AGENT] reconciler, 2026-09-05): every program of reaudit-witnesses.tsv (129; .tmp/audit/re/*, .tmp/audit/re2/*) re-emitted with the rebased frontend (tools/nativefrontend at the tip) and enumerated with the rebased golean (coverage-observations --function sub --max-width 2); the cell is the observation SET (status[output]message, sorted, ' ;; '-joined) or the refusal text (a per-declaration quarantine's text read from the wire's `unsupported` field, as the lane's matrix did). Compared with the recorded re-audit-tip column as SETS (the recorded column was not sorted) and, for refusals, on the recorded cell's truncated prefix. gc column copied from the recorded matrix.
program	gc	recorded@re-audit-tip	machine@round17-rebased-tip	verdict
P10_recover_call	panic: s [recovered]| panic: interface conversion: interface {} is string, not int	panic[]s [recovered] ;; panic[wit 5|]s [recovered]	panic[]s [recovered] ;; panic[wit 5|]s [recovered]	same
P12_addr_index_call	wit 5|panic: runtime error: index out of range [9] with length 1	panic[]runtime error: index out of range [9] with length 1 ;; panic[wit 5|]runtime error: index out of range [9] with length 1	panic[]runtime error: index out of range [9] with length 1 ;; panic[wit 5|]runtime error: index out of range [9] with length 1	same
P12b_addr_assert_call	panic: interface conversion: interface {} is string, not int	panic[]interface conversion: interface {} is string, not int ;; panic[wit 5|]interface conversion: interface {} is string, not int	panic[]interface conversion: interface {} is string, not int ;; panic[wit 5|]interface conversion: interface {} is string, not int	same
P16_slicelit_recv	panic: runtime error: index out of range [5] with length 1	REFUSED: structural allocation (slice literal) with a potentially-panicking payload (a probed operand in the payload) f	REFUSED: structural allocation (slice literal) with a potentially-panicking payload (a probed operand in the payload) followed by an ordered call/receive in the same statement — the allocation hoists to its lexical position and evaluates its payload there, ahead of the later event, where gc evaluates the payload in the residual after the call; spec#Order_of_evaluation forces neither order and the machine realizes only one; refused by name (structural-allocation class, E13 (b) residual; e13-b audit fix round R2)	same
P17_maplit_call	panic: runtime error: index out of range [5] with length 1	panic[]runtime error: index out of range [5] with length 1	panic[]runtime error: index out of range [5] with length 1	same
P18_tgt_min	panic: interface conversion: interface {} is string, not int	panic[]interface conversion: interface {} is string, not int ;; panic[]runtime error: index out of range [9] with length 2	panic[]interface conversion: interface {} is string, not int ;; panic[]runtime error: index out of range [9] with length 2	same
P19_tgt_copy	panic: interface conversion: interface {} is string, not int	panic[]interface conversion: interface {} is string, not int ;; panic[wit 5|]interface conversion: interface {} is string, not int	panic[]interface conversion: interface {} is string, not int ;; panic[wit 5|]interface conversion: interface {} is string, not int	same
P1_tgt_assert_recv	panic: interface conversion: interface {} is string, not int	panic[]interface conversion: interface {} is string, not int	panic[]interface conversion: interface {} is string, not int	same
P20_tgt_append	panic: interface conversion: interface {} is string, not int	coverage-observations: site bound 31 exceeds the case's width 2 — the width assertion is REFUTED (mechanically	!! ENUM: coverage-observations: site bound 31 exceeds the case's width 2 — the width assertion is REFUTED (mechanically, at pick position 1); raise the case's width metadata	same
P21_bytesconv_slice_printroot	panic: runtime error: slice bounds out of range [:7] with capacity 2	panic[]runtime error: slice bounds out of range [:7] with capacity 2 ;; panic[wit 5|]runtime error: slice bounds out of range [:7] with capacity 2	panic[]runtime error: slice bounds out of range [:7] with capacity 2 ;; panic[wit 5|]runtime error: slice bounds out of range [:7] with capacity 2	same
P21b_bytesconv_index_call	wit 5|panic: runtime error: index out of range [7] with length 2	panic[]runtime error: index out of range [7] with length 2 ;; panic[wit 5|]runtime error: index out of range [7] with length 2	panic[]runtime error: index out of range [7] with length 2 ;; panic[wit 5|]runtime error: index out of range [7] with length 2	same
P21c_bytesconv_slice_call	panic: runtime error: slice bounds out of range [:7] with capacity 2	panic[]runtime error: slice bounds out of range [:7] with capacity 2 ;; panic[wit 5|]runtime error: slice bounds out of range [:7] with capacity 2	panic[]runtime error: slice bounds out of range [:7] with capacity 2 ;; panic[wit 5|]runtime error: slice bounds out of range [:7] with capacity 2	same
P22_compound_assert_len	panic: interface conversion: interface {} is string, not int	panic[]interface conversion: interface {} is string, not int ;; panic[]runtime error: index out of range [5] with length 1	panic[]interface conversion: interface {} is string, not int ;; panic[]runtime error: index out of range [5] with length 1	same
P23_mapcompound_index_call	wit 5|panic: runtime error: index out of range [5] with length 1	panic[]runtime error: index out of range [5] with length 1	panic[]runtime error: index out of range [5] with length 1	same
P24_tgt_index_call_value	mut|1 7	ok[mut|1 7|]	ok[mut|1 7|]	same
P25_tgt_index_panicky_call	wit 5|panic: runtime error: index out of range [9] with length 3	panic[wit 5|]runtime error: index out of range [9] with length 3	panic[wit 5|]runtime error: index out of range [9] with length 3	same
P26_deref_tgt_call	wit 5|panic: runtime error: invalid memory address or nil pointer dereference	panic[wit 5|]runtime error: invalid memory address or nil pointer dereference	panic[wit 5|]runtime error: invalid memory address or nil pointer dereference	same
P27_ptrsel_base_tgt_call	wit 5|panic: runtime error: invalid memory address or nil pointer dereference	panic[]runtime error: invalid memory address or nil pointer dereference ;; panic[wit 5|]runtime error: invalid memory address or nil pointer dereference	panic[]runtime error: invalid memory address or nil pointer dereference ;; panic[wit 5|]runtime error: invalid memory address or nil pointer dereference	same
P28_incdec_tgt_recv	panic: interface conversion: interface {} is string, not int	panic[]interface conversion: interface {} is string, not int	panic[]interface conversion: interface {} is string, not int	same
P29_two_tgt_recv	panic: interface conversion: interface {} is string, not int	panic[]interface conversion: interface {} is string, not int	panic[]interface conversion: interface {} is string, not int	same
P2_compound_read_order	panic: runtime error: index out of range [5] with length 1	panic[]runtime error: index out of range [5] with length 1 ;; panic[]runtime error: index out of range [9] with length 1	panic[]runtime error: index out of range [5] with length 1 ;; panic[]runtime error: index out of range [9] with length 1	same
P3_compound_call_index	f|wit 5|panic: runtime error: index out of range [9] with length 1	panic[f|]runtime error: index out of range [9] with length 1	panic[f|]runtime error: index out of range [9] with length 1	same
P4_mapcompound_assert	panic: interface conversion: interface {} is int, not string	panic[]interface conversion: interface {} is int, not string	panic[]interface conversion: interface {} is int, not string	same
P5_maptgt_assert_call	panic: interface conversion: interface {} is int, not string	panic[]interface conversion: interface {} is int, not string ;; panic[wit 5|]interface conversion: interface {} is int, not string	panic[]interface conversion: interface {} is int, not string ;; panic[wit 5|]interface conversion: interface {} is int, not string	same
P6_tgt_assert_call	panic: interface conversion: interface {} is string, not int	panic[]interface conversion: interface {} is string, not int ;; panic[wit 5|]interface conversion: interface {} is string, not int	panic[]interface conversion: interface {} is string, not int ;; panic[wit 5|]interface conversion: interface {} is string, not int	same
P7_arr2_tgt_len	panic: runtime error: index out of range [5] with length 1	panic[]runtime error: index out of range [5] with length 1	panic[]runtime error: index out of range [5] with length 1	same
P7b_arr2_tgt_call	wit 5|panic: runtime error: index out of range [5] with length 1	panic[]runtime error: index out of range [5] with length 1 ;; panic[wit 5|]runtime error: index out of range [5] with length 1	panic[]runtime error: index out of range [5] with length 1 ;; panic[wit 5|]runtime error: index out of range [5] with length 1	same
P9_bytesconv_slice_payload	panic: runtime error: slice bounds out of range [:7] with length 2	panic[]runtime error: slice bounds out of range [:7] with length 2 ;; panic[wit 5|]runtime error: slice bounds out of range [:7] with length 2	panic[]runtime error: slice bounds out of range [:7] with length 2 ;; panic[wit 5|]runtime error: slice bounds out of range [:7] with length 2	same
Q10_maplit_payload_call_w	panic: runtime error: index out of range [5] with length 1	panic[]runtime error: index out of range [5] with length 1	panic[]runtime error: index out of range [5] with length 1	same
Q1_fieldaddr_nil	panic: runtime error: invalid memory address or nil pointer dereference	panic[]runtime error: invalid memory address or nil pointer dereference	panic[]runtime error: invalid memory address or nil pointer dereference	same
Q2_slicelit_recv_w	w 0	REFUSED: structural allocation (slice literal) with a potentially-panicking payload (a probed operand in the payload) f	REFUSED: structural allocation (slice literal) with a potentially-panicking payload (a probed operand in the payload) followed by an ordered call/receive in the same statement — the allocation hoists to its lexical position and evaluates its payload there, ahead of the later event, where gc evaluates the payload in the residual after the call; spec#Order_of_evaluation forces neither order and the machine realizes only one; refused by name (structural-allocation class, E13 (b) residual; e13-b audit fix round R2)	same
Q3_maptgt_recv_w	w 1	ok[w 0|] ;; ok[w 1|]	ok[w 0|] ;; ok[w 1|]	same
Q4_compound_call_tgt_len	f|panic: runtime error: index out of range [5] with length 1	REFUSED: len of a potentially-panicking operand hoisted past UNPROBED panicky material to its left (index expression at	REFUSED: len of a potentially-panicking operand hoisted past UNPROBED panicky material to its left (index expression at main.go:4:60) with a later ordered call/receive in the same statement — the left material sits where the E13 (b) envelope emits no unseq-probe (an assignment/IncDec/compound target, an address-of or receiver operand, or an operand containing recover() or an allocating conversion), so the hoist would realize only the events-first panic order where spec#Order_of_evaluation fixes none; refused by name (narrowed A6 guard, BUG-032/BUG-083; E13 (b) boundary, e13-b audit fix round R1)	same
Q5_ptrlit_payload_printroot	wit 5|panic: runtime error: index out of range [9] with length 1	REFUSED: structural allocation (&composite literal) with a potentially-panicking payload (a probed operand in the paylo	REFUSED: structural allocation (&composite literal) with a potentially-panicking payload (a probed operand in the payload) followed by an ordered call/receive in the same statement — the allocation hoists to its lexical position and evaluates its payload there, ahead of the later event, where gc evaluates the payload in the residual after the call; spec#Order_of_evaluation forces neither order and the machine realizes only one; refused by name (structural-allocation class, E13 (b) residual; e13-b audit fix round R2)	same
Q6_slicelit_payload_sinkroot	wit 5|panic: runtime error: index out of range [9] with length 1	REFUSED: structural allocation (slice literal) with a potentially-panicking payload (a probed operand in the payload) f	REFUSED: structural allocation (slice literal) with a potentially-panicking payload (a probed operand in the payload) followed by an ordered call/receive in the same statement — the allocation hoists to its lexical position and evaluates its payload there, ahead of the later event, where gc evaluates the payload in the residual after the call; spec#Order_of_evaluation forces neither order and the machine realizes only one; refused by name (structural-allocation class, E13 (b) residual; e13-b audit fix round R2)	same
Q7_tgt_assert_append_nospill	panic: interface conversion: interface {} is string, not int	panic[]interface conversion: interface {} is string, not int ;; panic[wit 5|]interface conversion: interface {} is string, not int	panic[]interface conversion: interface {} is string, not int ;; panic[wit 5|]interface conversion: interface {} is string, not int	same
Q8_recover_assert_call_w	w true	ok[w true|] ;; ok[wit 5|w true|]	ok[w true|] ;; ok[wit 5|w true|]	same
Q9_arr2_tgt_len_distinct	panic: runtime error: index out of range [7] with length 1	panic[]runtime error: index out of range [5] with length 1 ;; panic[]runtime error: index out of range [7] with length 1	panic[]runtime error: index out of range [5] with length 1 ;; panic[]runtime error: index out of range [7] with length 1	same
R1_raftidiom	panic: runtime error: invalid memory address or nil pointer dereference	panic[]runtime error: invalid memory address or nil pointer dereference	panic[]runtime error: invalid memory address or nil pointer dereference	same
R2_outnil_xok	panic: runtime error: invalid memory address or nil pointer dereference	panic[]runtime error: invalid memory address or nil pointer dereference	panic[]runtime error: invalid memory address or nil pointer dereference	same
R3_target_vs_call	boom-call|panic: BOOM	panic[boom-call|]BOOM	panic[boom-call|]BOOM	same
R4_callarm_attack	mk-called|panic: runtime error: invalid memory address or nil pointer dereference	panic[mk-called|]runtime error: invalid memory address or nil pointer dereference	panic[mk-called|]runtime error: invalid memory address or nil pointer dereference	same
R5_callarm_len_only	mk-called|panic: runtime error: invalid memory address or nil pointer dereference	panic[mk-called|]runtime error: invalid memory address or nil pointer dereference	panic[mk-called|]runtime error: invalid memory address or nil pointer dereference	same
S1_addrof_vs_call	wit|panic: runtime error: invalid memory address or nil pointer dereference	panic[]runtime error: invalid memory address or nil pointer dereference ;; panic[wit|]runtime error: invalid memory address or nil pointer dereference	panic[]runtime error: invalid memory address or nil pointer dereference ;; panic[wit|]runtime error: invalid memory address or nil pointer dereference	same
S2_addrof_vs_makecall	mk|panic: runtime error: invalid memory address or nil pointer dereference	panic[]runtime error: invalid memory address or nil pointer dereference ;; panic[mk|]runtime error: invalid memory address or nil pointer dereference	panic[]runtime error: invalid memory address or nil pointer dereference ;; panic[mk|]runtime error: invalid memory address or nil pointer dereference	same
S3_addrof_vs_makeboom	bp|panic: BOOM	panic[bp|]BOOM ;; panic[]runtime error: invalid memory address or nil pointer dereference	panic[]runtime error: invalid memory address or nil pointer dereference ;; panic[bp|]BOOM	same
S4_addrof_vs_makeplain	panic: runtime error: invalid memory address or nil pointer dereference	panic[]runtime error: invalid memory address or nil pointer dereference	panic[]runtime error: invalid memory address or nil pointer dereference	same
U1_left_addrof_make_then_call	panic: runtime error: invalid memory address or nil pointer dereference	panic[]runtime error: invalid memory address or nil pointer dereference	panic[]runtime error: invalid memory address or nil pointer dereference	same
U2_control_make_then_call	panic: runtime error: invalid memory address or nil pointer dereference	panic[]runtime error: invalid memory address or nil pointer dereference	panic[]runtime error: invalid memory address or nil pointer dereference	same
U3_callarm_make_then_call	mk|panic: runtime error: invalid memory address or nil pointer dereference	panic[mk|]runtime error: invalid memory address or nil pointer dereference	panic[mk|]runtime error: invalid memory address or nil pointer dereference	same
V1_recv_vs_call	wit|panic: runtime error: invalid memory address or nil pointer dereference	panic[wit|]runtime error: invalid memory address or nil pointer dereference	panic[wit|]runtime error: invalid memory address or nil pointer dereference	same
V2_starassign_vs_call	wit|panic: runtime error: invalid memory address or nil pointer dereference	panic[wit|]runtime error: invalid memory address or nil pointer dereference	panic[wit|]runtime error: invalid memory address or nil pointer dereference	same
W1_structalloc_ptr	wit 5|panic: runtime error: invalid memory address or nil pointer dereference	REFUSED: structural allocation (&composite literal) with a potentially-panicking payload (a probed operand in the paylo	REFUSED: structural allocation (&composite literal) with a potentially-panicking payload (a probed operand in the payload) followed by an ordered call/receive in the same statement — the allocation hoists to its lexical position and evaluates its payload there, ahead of the later event, where gc evaluates the payload in the residual after the call; spec#Order_of_evaluation forces neither order and the machine realizes only one; refused by name (structural-allocation class, E13 (b) residual; e13-b audit fix round R2)	same
W2_structalloc_value	wit 5|panic: runtime error: invalid memory address or nil pointer dereference	panic[]runtime error: invalid memory address or nil pointer dereference ;; panic[wit 5|]runtime error: invalid memory address or nil pointer dereference	panic[]runtime error: invalid memory address or nil pointer dereference ;; panic[wit 5|]runtime error: invalid memory address or nil pointer dereference	same
W3_arraylit_value	wit 5|panic: runtime error: invalid memory address or nil pointer dereference	panic[]runtime error: invalid memory address or nil pointer dereference ;; panic[wit 5|]runtime error: invalid memory address or nil pointer dereference	panic[]runtime error: invalid memory address or nil pointer dereference ;; panic[wit 5|]runtime error: invalid memory address or nil pointer dereference	same
X1_min_hides_index	panic: runtime error: index out of range [9] with length 0	panic[]runtime error: index out of range [9] with length 0	panic[]runtime error: index out of range [9] with length 0	same
X2_plain_index_control	panic: runtime error: index out of range [9] with length 0	panic[]runtime error: index out of range [9] with length 0	panic[]runtime error: index out of range [9] with length 0	same
X3_min_index_with_later_call	panic: runtime error: index out of range [9] with length 0	panic[]runtime error: index out of range [9] with length 0	panic[]runtime error: index out of range [9] with length 0	same
X4_max_selector_left_target	panic: runtime error: invalid memory address or nil pointer dereference	panic[]runtime error: invalid memory address or nil pointer dereference	panic[]runtime error: invalid memory address or nil pointer dereference	same
Y1_min_escape_tgt_make	panic: interface conversion: interface {} is string, not int	panic[]interface conversion: interface {} is string, not int ;; panic[]runtime error: index out of range [9] with length 2	panic[]interface conversion: interface {} is string, not int ;; panic[]runtime error: index out of range [9] with length 2	same
Y2_control_tgt_make	panic: interface conversion: interface {} is string, not int	panic[]interface conversion: interface {} is string, not int ;; panic[]runtime error: index out of range [9] with length 2	panic[]interface conversion: interface {} is string, not int ;; panic[]runtime error: index out of range [9] with length 2	same
Y3_min_escape_addrof	panic: runtime error: index out of range [9] with length 2	panic[]runtime error: index out of range [9] with length 2 ;; panic[]runtime error: invalid memory address or nil pointer dereference	panic[]runtime error: index out of range [9] with length 2 ;; panic[]runtime error: invalid memory address or nil pointer dereference	same
Y4_max_escape	panic: interface conversion: interface {} is string, not int	panic[]interface conversion: interface {} is string, not int ;; panic[]runtime error: index out of range [9] with length 2	panic[]interface conversion: interface {} is string, not int ;; panic[]runtime error: index out of range [9] with length 2	same
Z1_realcall_escape	panic: interface conversion: interface {} is string, not int	panic[]interface conversion: interface {} is string, not int ;; panic[]runtime error: index out of range [9] with length 2	panic[]interface conversion: interface {} is string, not int ;; panic[]runtime error: index out of range [9] with length 2	same
Z2_realcall_noindex	panic: interface conversion: interface {} is string, not int	panic[f|]BOOM ;; panic[]interface conversion: interface {} is string, not int	panic[]interface conversion: interface {} is string, not int ;; panic[f|]BOOM	same
Z3_makemap_min	panic: interface conversion: interface {} is string, not int	panic[]interface conversion: interface {} is string, not int ;; panic[]runtime error: index out of range [9] with length 2	panic[]interface conversion: interface {} is string, not int ;; panic[]runtime error: index out of range [9] with length 2	same
Z4_e2_tgt_call	panic: interface conversion: interface {} is string, not int	panic[]interface conversion: interface {} is string, not int ;; panic[wit 5|]interface conversion: interface {} is string, not int	panic[]interface conversion: interface {} is string, not int ;; panic[wit 5|]interface conversion: interface {} is string, not int	same
a1_tgt_index_len	panic: interface conversion: interface {} is string, not int	panic[]interface conversion: interface {} is string, not int ;; panic[]runtime error: index out of range [5] with length 1	panic[]interface conversion: interface {} is string, not int ;; panic[]runtime error: index out of range [5] with length 1	same
a2_compound_len	panic: interface conversion: interface {} is string, not int	panic[]interface conversion: interface {} is string, not int ;; panic[]runtime error: index out of range [5] with length 1	panic[]interface conversion: interface {} is string, not int ;; panic[]runtime error: index out of range [5] with length 1	same
a3_maptgt_len	panic: interface conversion: interface {} is int, not string	panic[]interface conversion: interface {} is int, not string ;; panic[]runtime error: index out of range [5] with length 1	panic[]interface conversion: interface {} is int, not string ;; panic[]runtime error: index out of range [5] with length 1	same
a4_addrof_len	panic: interface conversion: interface {} is string, not int	panic[]interface conversion: interface {} is string, not int ;; panic[]runtime error: index out of range [5] with length 1	panic[]interface conversion: interface {} is string, not int ;; panic[]runtime error: index out of range [5] with length 1	same
a5_recover_len	panic: 1 [recovered]| panic: runtime error: index out of range [5] with length 1	panic[]1 [recovered]	panic[]1 [recovered]	same
a6_bytesconv_len	panic: runtime error: index out of range [5] with length 1	panic[]runtime error: index out of range [5] with length 1 ;; panic[]runtime error: index out of range [7] with length 2	panic[]runtime error: index out of range [5] with length 1 ;; panic[]runtime error: index out of range [7] with length 2	same
a7_tgt_make	panic: interface conversion: interface {} is string, not int	panic[]interface conversion: interface {} is string, not int ;; panic[]runtime error: index out of range [9] with length 2	panic[]interface conversion: interface {} is string, not int ;; panic[]runtime error: index out of range [9] with length 2	same
b1_tgt_assert_call	panic: interface conversion: interface {} is string, not int	panic[]interface conversion: interface {} is string, not int ;; panic[wit 5|]interface conversion: interface {} is string, not int	panic[]interface conversion: interface {} is string, not int ;; panic[wit 5|]interface conversion: interface {} is string, not int	same
b2_maptgt_assert_call	panic: interface conversion: interface {} is int, not string	panic[]interface conversion: interface {} is int, not string ;; panic[wit 5|]interface conversion: interface {} is int, not string	panic[]interface conversion: interface {} is int, not string ;; panic[wit 5|]interface conversion: interface {} is int, not string	same
b3_recover_call	panic: s [recovered]| panic: interface conversion: interface {} is string, not int	panic[]s [recovered] ;; panic[wit 5|]s [recovered]	panic[]s [recovered] ;; panic[wit 5|]s [recovered]	same
b4_bytes_call	wit 5|panic: runtime error: index out of range [7] with length 2	panic[]runtime error: index out of range [7] with length 2 ;; panic[wit 5|]runtime error: index out of range [7] with length 2	panic[]runtime error: index out of range [7] with length 2 ;; panic[wit 5|]runtime error: index out of range [7] with length 2	same
b5_addrof_call	panic: interface conversion: interface {} is string, not int	panic[]interface conversion: interface {} is string, not int ;; panic[wit 5|]interface conversion: interface {} is string, not int	panic[]interface conversion: interface {} is string, not int ;; panic[wit 5|]interface conversion: interface {} is string, not int	same
b6_tgt_assert_recv	panic: interface conversion: interface {} is string, not int	panic[]interface conversion: interface {} is string, not int	panic[]interface conversion: interface {} is string, not int	same
b7_tgt_assert_append	panic: interface conversion: interface {} is string, not int	coverage-observations: site bound 31 exceeds the case's width 2 — the width assertion is REFUTED (mechanically	!! ENUM: coverage-observations: site bound 31 exceeds the case's width 2 — the width assertion is REFUTED (mechanically, at pick position 1); raise the case's width metadata	same
c1_recover_len_callroot	panic: s [recovered]| panic: interface conversion: interface {} is string, not int	panic[]s [recovered]	panic[]s [recovered]	same
c2_tgt_len_callroot	panic: runtime error: index out of range [5] with length 1	panic[]runtime error: index out of range [5] with length 1	panic[]runtime error: index out of range [5] with length 1	same
c3_bytes_len_callroot	panic: runtime error: index out of range [1] with length 1	panic[]runtime error: index out of range [1] with length 1 ;; panic[]runtime error: index out of range [7] with length 2	panic[]runtime error: index out of range [1] with length 1 ;; panic[]runtime error: index out of range [7] with length 2	same
d1_sliceconv_len_assignroot	panic: runtime error: slice bounds out of range [:7] with capacity 2	panic[]runtime error: slice bounds out of range [:7] with capacity 2 ;; panic[wit 5|]runtime error: slice bounds out of range [:7] with capacity 2	panic[]runtime error: slice bounds out of range [:7] with capacity 2 ;; panic[wit 5|]runtime error: slice bounds out of range [:7] with capacity 2	same
d2_sliceconv_len_printroot	panic: runtime error: slice bounds out of range [:7] with capacity 2	panic[]runtime error: slice bounds out of range [:7] with capacity 2 ;; panic[wit 5|]runtime error: slice bounds out of range [:7] with capacity 2	panic[]runtime error: slice bounds out of range [:7] with capacity 2 ;; panic[wit 5|]runtime error: slice bounds out of range [:7] with capacity 2	same
d3_sliceconv_len_callroot	panic: runtime error: slice bounds out of range [:7] with capacity 2	panic[]runtime error: slice bounds out of range [:7] with capacity 2 ;; panic[wit 5|]runtime error: slice bounds out of range [:7] with capacity 2	panic[]runtime error: slice bounds out of range [:7] with capacity 2 ;; panic[wit 5|]runtime error: slice bounds out of range [:7] with capacity 2	same
d4_bytes_len_printroot_early	wit 5|panic: runtime error: index out of range [7] with length 2	panic[]runtime error: index out of range [7] with length 2 ;; panic[wit 5|]runtime error: index out of range [7] with length 2	panic[]runtime error: index out of range [7] with length 2 ;; panic[wit 5|]runtime error: index out of range [7] with length 2	same
e10_nested_lit	wit 5|panic: runtime error: index out of range [5] with length 1	REFUSED: structural allocation (&composite literal) with a potentially-panicking payload (a probed operand in the paylo	REFUSED: structural allocation (&composite literal) with a potentially-panicking payload (a probed operand in the payload) followed by an ordered call/receive in the same statement — the allocation hoists to its lexical position and evaluates its payload there, ahead of the later event, where gc evaluates the payload in the residual after the call; spec#Order_of_evaluation forces neither order and the machine realizes only one; refused by name (structural-allocation class, E13 (b) residual; e13-b audit fix round R2)	same
e11_make_in_lit	panic: runtime error: index out of range [9] with length 2	panic[]runtime error: index out of range [9] with length 2	panic[]runtime error: index out of range [9] with length 2	same
e12_methodval_on_index	panic: runtime error: index out of range [5] with length 1	panic[]runtime error: index out of range [5] with length 1	panic[]runtime error: index out of range [5] with length 1	same
e13_elided_ptr_lit	panic: runtime error: index out of range [5] with length 1	panic[]runtime error: index out of range [5] with length 1	panic[]runtime error: index out of range [5] with length 1	same
e14_arraylit_payload_call	panic: runtime error: index out of range [5] with length 1	panic[]runtime error: index out of range [5] with length 1	panic[]runtime error: index out of range [5] with length 1	same
e15_structlit_payload_call	panic: runtime error: index out of range [5] with length 1	panic[]runtime error: index out of range [5] with length 1	panic[]runtime error: index out of range [5] with length 1	same
e1_ptrlit_payload_call	wit 5|panic: runtime error: index out of range [5] with length 1	REFUSED: structural allocation (&composite literal) with a potentially-panicking payload (a probed operand in the paylo	REFUSED: structural allocation (&composite literal) with a potentially-panicking payload (a probed operand in the payload) followed by an ordered call/receive in the same statement — the allocation hoists to its lexical position and evaluates its payload there, ahead of the later event, where gc evaluates the payload in the residual after the call; spec#Order_of_evaluation forces neither order and the machine realizes only one; refused by name (structural-allocation class, E13 (b) residual; e13-b audit fix round R2)	same
e2_slicelit_payload_call	wit 5|panic: runtime error: index out of range [5] with length 1	REFUSED: structural allocation (slice literal) with a potentially-panicking payload (a probed operand in the payload) f	REFUSED: structural allocation (slice literal) with a potentially-panicking payload (a probed operand in the payload) followed by an ordered call/receive in the same statement — the allocation hoists to its lexical position and evaluates its payload there, ahead of the later event, where gc evaluates the payload in the residual after the call; spec#Order_of_evaluation forces neither order and the machine realizes only one; refused by name (structural-allocation class, E13 (b) residual; e13-b audit fix round R2)	same
e3_event_inside_lit	panic: interface conversion: interface {} is string, not int	panic[]interface conversion: interface {} is string, not int ;; panic[wit 7|]interface conversion: interface {} is string, not int	panic[]interface conversion: interface {} is string, not int ;; panic[wit 7|]interface conversion: interface {} is string, not int	same
e4_no_event_after	panic: runtime error: index out of range [5] with length 1	panic[]runtime error: index out of range [5] with length 1	panic[]runtime error: index out of range [5] with length 1	same
e5_variadic_pack	wit 7|panic: runtime error: index out of range [5] with length 1	panic[]runtime error: index out of range [5] with length 1 ;; panic[wit 7|]runtime error: index out of range [5] with length 1	panic[]runtime error: index out of range [5] with length 1 ;; panic[wit 7|]runtime error: index out of range [5] with length 1	same
e6_maplit_payload_call	panic: runtime error: index out of range [5] with length 1	panic[]runtime error: index out of range [5] with length 1	panic[]runtime error: index out of range [5] with length 1	same
e7_ifacemethodval	M 1|wit 5|6	ok[M 1|wit 5|6|]	ok[M 1|wit 5|6|]	same
e8_new_expr_payload_call	panic: runtime error: index out of range [5] with length 1	panic[]runtime error: index out of range [5] with length 1	panic[]runtime error: index out of range [5] with length 1	same
e9_new_inline	panic: runtime error: index out of range [5] with length 1	panic[]runtime error: index out of range [5] with length 1	panic[]runtime error: index out of range [5] with length 1	same
f1_structlit_inline	wit 5|panic: runtime error: index out of range [5] with length 1	panic[]runtime error: index out of range [5] with length 1 ;; panic[wit 5|]runtime error: index out of range [5] with length 1	panic[]runtime error: index out of range [5] with length 1 ;; panic[wit 5|]runtime error: index out of range [5] with length 1	same
f2_arraylit_inline	wit 5|panic: runtime error: index out of range [5] with length 1	panic[]runtime error: index out of range [5] with length 1 ;; panic[wit 5|]runtime error: index out of range [5] with length 1	panic[]runtime error: index out of range [5] with length 1 ;; panic[wit 5|]runtime error: index out of range [5] with length 1	same
f3_variadic_then_event	panic: runtime error: index out of range [5] with length 1	panic[]runtime error: index out of range [5] with length 1	panic[]runtime error: index out of range [5] with length 1	same
f4_ptrlit_in_arg_then_event	panic: runtime error: index out of range [5] with length 1	panic[]runtime error: index out of range [5] with length 1	panic[]runtime error: index out of range [5] with length 1	same
f5_slicelit_then_recv	panic: runtime error: index out of range [5] with length 1	REFUSED: structural allocation (slice literal) with a potentially-panicking payload (a probed operand in the payload) f	REFUSED: structural allocation (slice literal) with a potentially-panicking payload (a probed operand in the payload) followed by an ordered call/receive in the same statement — the allocation hoists to its lexical position and evaluates its payload there, ahead of the later event, where gc evaluates the payload in the residual after the call; spec#Order_of_evaluation forces neither order and the machine realizes only one; refused by name (structural-allocation class, E13 (b) residual; e13-b audit fix round R2)	same
f6_lit_then_len_hoist	panic: runtime error: slice bounds out of range [9:2]	REFUSED: structural allocation (slice literal) with a potentially-panicking payload (a probed operand in the payload) f	REFUSED: structural allocation (slice literal) with a potentially-panicking payload (a probed operand in the payload) followed by an ordered call/receive in the same statement — the allocation hoists to its lexical position and evaluates its payload there, ahead of the later event, where gc evaluates the payload in the residual after the call; spec#Order_of_evaluation forces neither order and the machine realizes only one; refused by name (structural-allocation class, E13 (b) residual; e13-b audit fix round R2)	same
g1_e12_nolen	mut|4	panic[mut|]interface conversion: interface {} is string, not int	panic[mut|]interface conversion: interface {} is string, not int	same
g2_bug101	mut|6	panic[mut|]interface conversion: interface {} is string, not int	panic[mut|]interface conversion: interface {} is string, not int	same
g3_bug101_assignroot	mut|6	panic[mut|]interface conversion: interface {} is string, not int	panic[mut|]interface conversion: interface {} is string, not int	same
g4_e12_assignroot	mut|4	panic[mut|]interface conversion: interface {} is string, not int	panic[mut|]interface conversion: interface {} is string, not int	same
h1_index_value	mut|22	ok[mut|22|]	ok[mut|22|]	same
h2_slice_value	mut|12	ok[mut|22|]	ok[mut|22|]	same
h3_ifacecmp_value	mut|102	ok[mut|102|]	ok[mut|102|]	same
h4_ifacecmp_multiassign	mut|false 2	ok[mut|false 2|]	ok[mut|false 2|]	same
h5_slice_value_nolen	mut|10	ok[mut|20|]	ok[mut|20|]	same
k1_tgt_min	panic: interface conversion: interface {} is string, not int	panic[]interface conversion: interface {} is string, not int ;; panic[]runtime error: index out of range [9] with length 2	panic[]interface conversion: interface {} is string, not int ;; panic[]runtime error: index out of range [9] with length 2	same
k2_defer_args	panic: interface conversion: interface {} is string, not int	panic[]interface conversion: interface {} is string, not int ;; panic[]runtime error: slice bounds out of range [5:2]	panic[]interface conversion: interface {} is string, not int ;; panic[]runtime error: slice bounds out of range [5:2]	same
k3_switch_tag	panic: interface conversion: interface {} is string, not int	panic[]interface conversion: interface {} is string, not int ;; panic[]runtime error: slice bounds out of range [5:2]	panic[]interface conversion: interface {} is string, not int ;; panic[]runtime error: slice bounds out of range [5:2]	same
k4_maplit_key	panic: runtime error: index out of range [5] with length 1	panic[]runtime error: index out of range [5] with length 1	panic[]runtime error: index out of range [5] with length 1	same
k5_hoisted_temp_index	mk|panic: runtime error: slice bounds out of range [5:2]	panic[mk|]runtime error: index out of range [7] with length 1 ;; panic[mk|]runtime error: slice bounds out of range [5:2]	panic[mk|]runtime error: index out of range [7] with length 1 ;; panic[mk|]runtime error: slice bounds out of range [5:2]	same
k6_tgt_copy	panic: interface conversion: interface {} is string, not int	panic[]interface conversion: interface {} is string, not int ;; panic[wit 5|]interface conversion: interface {} is string, not int	panic[]interface conversion: interface {} is string, not int ;; panic[wit 5|]interface conversion: interface {} is string, not int	same
l1_select_tgt	panic: interface conversion: interface {} is string, not int	panic[]interface conversion: interface {} is string, not int	panic[]interface conversion: interface {} is string, not int	same
l2_range_tgt	panic: interface conversion: interface {} is string, not int	REFUSED: range assignment to non-identifier target (operands evaluate per iteration)	REFUSED: range assignment to non-identifier target (operands evaluate per iteration)	same
l3_incdec_map	panic: interface conversion: interface {} is int, not string	panic[]interface conversion: interface {} is int, not string	panic[]interface conversion: interface {} is int, not string	same
m1_deref_value	mut|22	ok[mut|22|]	ok[mut|22|]	same
m2_div_value	mut|22	ok[mut|22|]	ok[mut|22|]	same
