# Certified observation set — tier=slow row (tiered checking, user
# directive 2026-08-08; confluent-lane tier widening W3.2 slice 1
# stage C, 2026-08-20: B1's post-op boundaries grew this row's
# certification tree past the fast-lane budget — the set itself is
# UNCHANGED by the widening). Confluent singleton.
# certified: 2026-08-20  commit: w32-re-envelope stage C (B1 post-op boundaries)
# case: race/free-sync/rw-writers
# params: width=4,sites=40,work=120000000,tier=slow
# wire-sha256: b108d6bde425662619aea3478e9f76d35140250f2fd915f13600946e57d0f6de
# enum-stats: observations=1 steps=66285855 probes=21054711 sites=7018237 leaves=7376994 maxdepth=26 width=4 (measured 2026-08-20 at 400M work cap)
{"schema":"golean-observation-v1","status":"ok","values":[{"kind":"int","tag":"int","value":2}]}
